timestamp,open,high,low,close,volume,open_interest,expiry,strike,option_type,instrument_key,trading_symbol,lot_size
2026-08-03 09:15:00+05:30,2.29,2.45,2.2,2.29,110695,1581580,2026-08-11,21600.0,PE,NSE_FO|40880|11-08-2026,NIFTY 21600 PE 11 AUG 26,65
2026-08-03 09:20:00+05:30,2.25,2.35,2.2,2.2,107965,1591785,2026-08-11,21600.0,PE,NSE_FO|40880|11-08-2026,NIFTY 21600 PE 11 AUG 26,65
2026-08-03 09:25:00+05:30,2.2,2.25,2.04,2.1,110760,1634100,2026-08-11,21600.0,PE,NSE_FO|40880|11-08-2026,NIFTY 21600 PE 11 AUG 26,65
2026-08-03 09:30:00+05:30,2.1,2.2,2.04,2.04,83395,1649180,2026-08-11,21600.0,PE,NSE_FO|40880|11-08-2026,NIFTY 21600 PE 11 AUG 26,65
2026-08-03 09:35:00+05:30,2.04,2.1,2.0,2.1,50570,1662765,2026-08-11,21600.0,PE,NSE_FO|40880|11-08-2026,NIFTY 21600 PE 11 AUG 26,65
2026-08-03 09:40:00+05:30,2.15,2.15,2.04,2.1,74360,1669395,2026-08-11,21600.0,PE,NSE_FO|40880|11-08-2026,NIFTY 21600 PE 11 AUG 26,65
2026-08-03 09:45:00+05:30,2.15,2.15,2.04,2.1,31915,1684605,2026-08-11,21600.0,PE,NSE_FO|40880|11-08-2026,NIFTY 21600 PE 11 AUG 26,65
2026-08-03 09:50:00+05:30,2.04,2.15,2.04,2.1,13650,1677845,2026-08-11,21600.0,PE,NSE_FO|40880|11-08-2026,NIFTY 21600 PE 11 AUG 26,65
2026-08-03 09:55:00+05:30,2.15,2.15,2.04,2.04,33345,1671995,2026-08-11,21600.0,PE,NSE_FO|40880|11-08-2026,NIFTY 21600 PE 11 AUG 26,65
2026-08-03 10:00:00+05:30,2.04,2.15,2.04,2.15,12025,1676155,2026-08-11,21600.0,PE,NSE_FO|40880|11-08-2026,NIFTY 21600 PE 11 AUG 26,65
2026-08-03 10:05:00+05:30,2.15,2.2,2.1,2.1,42510,1654640,2026-08-11,21600.0,PE,NSE_FO|40880|11-08-2026,NIFTY 21600 PE 11 AUG 26,65
2026-08-03 10:10:00+05:30,2.1,2.15,2.1,2.15,16120,1663805,2026-08-11,21600.0,PE,NSE_FO|40880|11-08-2026,NIFTY 21600 PE 11 AUG 26,65
2026-08-03 10:15:00+05:30,2.15,2.15,2.1,2.15,20475,1674920,2026-08-11,21600.0,PE,NSE_FO|40880|11-08-2026,NIFTY 21600 PE 11 AUG 26,65
2026-08-03 10:20:00+05:30,2.15,2.15,2.15,2.15,12350,1677390,2026-08-11,21600.0,PE,NSE_FO|40880|11-08-2026,NIFTY 21600 PE 11 AUG 26,65
2026-08-03 10:25:00+05:30,2.15,2.15,2.1,2.15,8125,1678365,2026-08-11,21600.0,PE,NSE_FO|40880|11-08-2026,NIFTY 21600 PE 11 AUG 26,65
2026-08-03 10:30:00+05:30,2.15,2.2,2.1,2.2,50245,1684345,2026-08-11,21600.0,PE,NSE_FO|40880|11-08-2026,NIFTY 21600 PE 11 AUG 26,65
2026-08-03 10:35:00+05:30,2.2,2.25,2.2,2.25,21645,1698580,2026-08-11,21600.0,PE,NSE_FO|40880|11-08-2026,NIFTY 21600 PE 11 AUG 26,65
2026-08-03 10:40:00+05:30,2.25,2.29,2.25,2.25,22555,1715675,2026-08-11,21600.0,PE,NSE_FO|40880|11-08-2026,NIFTY 21600 PE 11 AUG 26,65
2026-08-03 10:45:00+05:30,2.25,2.29,2.25,2.25,7475,1720355,2026-08-11,21600.0,PE,NSE_FO|40880|11-08-2026,NIFTY 21600 PE 11 AUG 26,65
2026-08-03 10:50:00+05:30,2.25,2.29,2.2,2.2,6370,1726660,2026-08-11,21600.0,PE,NSE_FO|40880|11-08-2026,NIFTY 21600 PE 11 AUG 26,65
2026-08-03 10:55:00+05:30,2.25,2.25,2.2,2.25,2600,1726595,2026-08-11,21600.0,PE,NSE_FO|40880|11-08-2026,NIFTY 21600 PE 11 AUG 26,65
2026-08-03 11:00:00+05:30,2.25,2.25,2.2,2.2,5395,1723215,2026-08-11,21600.0,PE,NSE_FO|40880|11-08-2026,NIFTY 21600 PE 11 AUG 26,65
2026-08-03 11:05:00+05:30,2.25,2.29,2.2,2.29,17420,1724125,2026-08-11,21600.0,PE,NSE_FO|40880|11-08-2026,NIFTY 21600 PE 11 AUG 26,65
2026-08-03 11:10:00+05:30,2.25,2.29,2.25,2.29,4680,1725165,2026-08-11,21600.0,PE,NSE_FO|40880|11-08-2026,NIFTY 21600 PE 11 AUG 26,65
2026-08-03 11:15:00+05:30,2.29,2.29,2.25,2.29,7865,1728480,2026-08-11,21600.0,PE,NSE_FO|40880|11-08-2026,NIFTY 21600 PE 11 AUG 26,65
2026-08-03 11:20:00+05:30,2.29,2.29,2.25,2.25,6955,1728870,2026-08-11,21600.0,PE,NSE_FO|40880|11-08-2026,NIFTY 21600 PE 11 AUG 26,65
2026-08-03 11:25:00+05:30,2.29,2.29,2.2,2.2,2860,1730755,2026-08-11,21600.0,PE,NSE_FO|40880|11-08-2026,NIFTY 21600 PE 11 AUG 26,65
2026-08-03 11:30:00+05:30,2.2,2.25,2.2,2.2,715,1730755,2026-08-11,21600.0,PE,NSE_FO|40880|11-08-2026,NIFTY 21600 PE 11 AUG 26,65
2026-08-03 11:35:00+05:30,2.25,2.25,2.15,2.2,6175,1732120,2026-08-11,21600.0,PE,NSE_FO|40880|11-08-2026,NIFTY 21600 PE 11 AUG 26,65
2026-08-03 11:40:00+05:30,2.2,2.2,2.2,2.2,0,1732120,2026-08-11,21600.0,PE,NSE_FO|40880|11-08-2026,NIFTY 21600 PE 11 AUG 26,65
2026-08-03 11:45:00+05:30,2.25,2.25,2.25,2.25,2080,1732770,2026-08-11,21600.0,PE,NSE_FO|40880|11-08-2026,NIFTY 21600 PE 11 AUG 26,65
2026-08-03 11:50:00+05:30,2.25,2.25,2.2,2.25,4615,1735825,2026-08-11,21600.0,PE,NSE_FO|40880|11-08-2026,NIFTY 21600 PE 11 AUG 26,65
2026-08-03 11:55:00+05:30,2.25,2.25,2.25,2.25,455,1737385,2026-08-11,21600.0,PE,NSE_FO|40880|11-08-2026,NIFTY 21600 PE 11 AUG 26,65
2026-08-03 12:00:00+05:30,2.2,2.2,2.2,2.2,3705,1739400,2026-08-11,21600.0,PE,NSE_FO|40880|11-08-2026,NIFTY 21600 PE 11 AUG 26,65
2026-08-03 12:05:00+05:30,2.2,2.2,2.15,2.2,520,1739920,2026-08-11,21600.0,PE,NSE_FO|40880|11-08-2026,NIFTY 21600 PE 11 AUG 26,65
2026-08-03 12:10:00+05:30,2.2,2.2,2.2,2.2,260,1739920,2026-08-11,21600.0,PE,NSE_FO|40880|11-08-2026,NIFTY 21600 PE 11 AUG 26,65
2026-08-03 12:15:00+05:30,2.2,2.25,2.2,2.25,5460,1740245,2026-08-11,21600.0,PE,NSE_FO|40880|11-08-2026,NIFTY 21600 PE 11 AUG 26,65
2026-08-03 12:20:00+05:30,2.25,2.25,2.2,2.2,650,1739725,2026-08-11,21600.0,PE,NSE_FO|40880|11-08-2026,NIFTY 21600 PE 11 AUG 26,65
2026-08-03 12:25:00+05:30,2.2,2.25,2.2,2.25,5005,1739790,2026-08-11,21600.0,PE,NSE_FO|40880|11-08-2026,NIFTY 21600 PE 11 AUG 26,65
2026-08-03 12:30:00+05:30,2.2,2.2,2.2,2.2,6760,1741610,2026-08-11,21600.0,PE,NSE_FO|40880|11-08-2026,NIFTY 21600 PE 11 AUG 26,65
2026-08-03 12:35:00+05:30,2.2,2.2,2.2,2.2,0,1741610,2026-08-11,21600.0,PE,NSE_FO|40880|11-08-2026,NIFTY 21600 PE 11 AUG 26,65
2026-08-03 12:40:00+05:30,2.2,2.2,2.2,2.2,3185,1741610,2026-08-11,21600.0,PE,NSE_FO|40880|11-08-2026,NIFTY 21600 PE 11 AUG 26,65
2026-08-03 12:45:00+05:30,2.2,2.29,2.2,2.25,13065,1748305,2026-08-11,21600.0,PE,NSE_FO|40880|11-08-2026,NIFTY 21600 PE 11 AUG 26,65
2026-08-03 12:50:00+05:30,2.2,2.2,2.15,2.15,54080,1769560,2026-08-11,21600.0,PE,NSE_FO|40880|11-08-2026,NIFTY 21600 PE 11 AUG 26,65
2026-08-03 12:55:00+05:30,2.2,2.2,2.1,2.1,21190,1776970,2026-08-11,21600.0,PE,NSE_FO|40880|11-08-2026,NIFTY 21600 PE 11 AUG 26,65
2026-08-03 13:00:00+05:30,2.15,2.15,2.04,2.04,12025,1780935,2026-08-11,21600.0,PE,NSE_FO|40880|11-08-2026,NIFTY 21600 PE 11 AUG 26,65
2026-08-03 13:05:00+05:30,2.1,2.1,2.0,2.0,7670,1781065,2026-08-11,21600.0,PE,NSE_FO|40880|11-08-2026,NIFTY 21600 PE 11 AUG 26,65
2026-08-03 13:10:00+05:30,2.0,2.0,2.0,2.0,975,1781065,2026-08-11,21600.0,PE,NSE_FO|40880|11-08-2026,NIFTY 21600 PE 11 AUG 26,65
2026-08-03 13:15:00+05:30,2.0,2.0,2.0,2.0,2405,1781715,2026-08-11,21600.0,PE,NSE_FO|40880|11-08-2026,NIFTY 21600 PE 11 AUG 26,65
2026-08-03 13:20:00+05:30,2.0,2.0,1.95,1.95,1625,1781975,2026-08-11,21600.0,PE,NSE_FO|40880|11-08-2026,NIFTY 21600 PE 11 AUG 26,65
2026-08-03 13:25:00+05:30,1.95,2.0,1.95,2.0,65,1781650,2026-08-11,21600.0,PE,NSE_FO|40880|11-08-2026,NIFTY 21600 PE 11 AUG 26,65
2026-08-03 13:30:00+05:30,2.0,2.0,1.95,1.95,585,1781585,2026-08-11,21600.0,PE,NSE_FO|40880|11-08-2026,NIFTY 21600 PE 11 AUG 26,65
2026-08-03 13:35:00+05:30,1.95,2.0,1.95,2.0,1950,1780935,2026-08-11,21600.0,PE,NSE_FO|40880|11-08-2026,NIFTY 21600 PE 11 AUG 26,65
2026-08-03 13:40:00+05:30,2.0,2.04,2.0,2.0,8320,1777555,2026-08-11,21600.0,PE,NSE_FO|40880|11-08-2026,NIFTY 21600 PE 11 AUG 26,65
2026-08-03 13:45:00+05:30,2.04,2.1,2.04,2.04,13585,1780220,2026-08-11,21600.0,PE,NSE_FO|40880|11-08-2026,NIFTY 21600 PE 11 AUG 26,65
2026-08-03 13:50:00+05:30,2.1,2.1,2.04,2.04,845,1779635,2026-08-11,21600.0,PE,NSE_FO|40880|11-08-2026,NIFTY 21600 PE 11 AUG 26,65
2026-08-03 13:55:00+05:30,2.04,2.04,2.04,2.04,0,1779635,2026-08-11,21600.0,PE,NSE_FO|40880|11-08-2026,NIFTY 21600 PE 11 AUG 26,65
2026-08-03 14:00:00+05:30,2.04,2.04,2.04,2.04,390,1779700,2026-08-11,21600.0,PE,NSE_FO|40880|11-08-2026,NIFTY 21600 PE 11 AUG 26,65
2026-08-03 14:05:00+05:30,2.1,2.1,2.04,2.04,11830,1779505,2026-08-11,21600.0,PE,NSE_FO|40880|11-08-2026,NIFTY 21600 PE 11 AUG 26,65
2026-08-03 14:10:00+05:30,2.1,2.29,2.04,2.29,64805,1790750,2026-08-11,21600.0,PE,NSE_FO|40880|11-08-2026,NIFTY 21600 PE 11 AUG 26,65
2026-08-03 14:15:00+05:30,2.29,2.35,2.2,2.29,45955,1817660,2026-08-11,21600.0,PE,NSE_FO|40880|11-08-2026,NIFTY 21600 PE 11 AUG 26,65
2026-08-03 14:20:00+05:30,2.29,2.35,2.29,2.29,24570,1836510,2026-08-11,21600.0,PE,NSE_FO|40880|11-08-2026,NIFTY 21600 PE 11 AUG 26,65
2026-08-03 14:25:00+05:30,2.29,2.29,2.2,2.2,9165,1837810,2026-08-11,21600.0,PE,NSE_FO|40880|11-08-2026,NIFTY 21600 PE 11 AUG 26,65
2026-08-03 14:30:00+05:30,2.2,2.25,2.2,2.25,34190,1851915,2026-08-11,21600.0,PE,NSE_FO|40880|11-08-2026,NIFTY 21600 PE 11 AUG 26,65
2026-08-03 14:35:00+05:30,2.25,2.29,2.25,2.25,22685,1867710,2026-08-11,21600.0,PE,NSE_FO|40880|11-08-2026,NIFTY 21600 PE 11 AUG 26,65
2026-08-03 14:40:00+05:30,2.25,2.29,2.15,2.15,30290,1879800,2026-08-11,21600.0,PE,NSE_FO|40880|11-08-2026,NIFTY 21600 PE 11 AUG 26,65
2026-08-03 14:45:00+05:30,2.15,2.15,2.1,2.15,38610,1891890,2026-08-11,21600.0,PE,NSE_FO|40880|11-08-2026,NIFTY 21600 PE 11 AUG 26,65
2026-08-03 14:50:00+05:30,2.1,2.29,2.1,2.2,54665,1910480,2026-08-11,21600.0,PE,NSE_FO|40880|11-08-2026,NIFTY 21600 PE 11 AUG 26,65
2026-08-03 14:55:00+05:30,2.2,2.25,2.1,2.1,53690,1946100,2026-08-11,21600.0,PE,NSE_FO|40880|11-08-2026,NIFTY 21600 PE 11 AUG 26,65
2026-08-03 15:00:00+05:30,2.15,2.15,1.85,1.9,76895,1976975,2026-08-11,21600.0,PE,NSE_FO|40880|11-08-2026,NIFTY 21600 PE 11 AUG 26,65
2026-08-03 15:05:00+05:30,1.9,1.95,1.75,1.95,130065,2048150,2026-08-11,21600.0,PE,NSE_FO|40880|11-08-2026,NIFTY 21600 PE 11 AUG 26,65
2026-08-03 15:10:00+05:30,1.95,1.95,1.9,1.9,67015,2081820,2026-08-11,21600.0,PE,NSE_FO|40880|11-08-2026,NIFTY 21600 PE 11 AUG 26,65
2026-08-03 15:15:00+05:30,1.95,1.95,1.85,1.95,74295,2138110,2026-08-11,21600.0,PE,NSE_FO|40880|11-08-2026,NIFTY 21600 PE 11 AUG 26,65
2026-08-03 15:20:00+05:30,1.95,2.0,1.95,2.0,38350,2168595,2026-08-11,21600.0,PE,NSE_FO|40880|11-08-2026,NIFTY 21600 PE 11 AUG 26,65
2026-08-03 15:25:00+05:30,2.0,2.2,2.0,2.04,51740,2172755,2026-08-11,21600.0,PE,NSE_FO|40880|11-08-2026,NIFTY 21600 PE 11 AUG 26,65
2026-08-03 15:30:00+05:30,2.0,2.15,2.0,2.0,28925,2190305,2026-08-11,21600.0,PE,NSE_FO|40880|11-08-2026,NIFTY 21600 PE 11 AUG 26,65
2026-08-03 15:35:00+05:30,2.0,2.15,2.0,2.15,15210,2190825,2026-08-11,21600.0,PE,NSE_FO|40880|11-08-2026,NIFTY 21600 PE 11 AUG 26,65
2026-08-04 09:15:00+05:30,2.04,2.15,1.7,1.7,80080,2232945,2026-08-11,21600.0,PE,NSE_FO|40880|11-08-2026,NIFTY 21600 PE 11 AUG 26,65
2026-08-04 09:20:00+05:30,1.7,1.85,1.6,1.7,62660,2259595,2026-08-11,21600.0,PE,NSE_FO|40880|11-08-2026,NIFTY 21600 PE 11 AUG 26,65
2026-08-04 09:25:00+05:30,1.75,1.75,1.55,1.55,44330,2258750,2026-08-11,21600.0,PE,NSE_FO|40880|11-08-2026,NIFTY 21600 PE 11 AUG 26,65
2026-08-04 09:30:00+05:30,1.55,1.6,1.5,1.55,33345,2256280,2026-08-11,21600.0,PE,NSE_FO|40880|11-08-2026,NIFTY 21600 PE 11 AUG 26,65
2026-08-04 09:35:00+05:30,1.5,1.5,1.4,1.45,44070,2255565,2026-08-11,21600.0,PE,NSE_FO|40880|11-08-2026,NIFTY 21600 PE 11 AUG 26,65
2026-08-04 09:40:00+05:30,1.45,1.5,1.4,1.4,27170,2252510,2026-08-11,21600.0,PE,NSE_FO|40880|11-08-2026,NIFTY 21600 PE 11 AUG 26,65
2026-08-04 09:45:00+05:30,1.4,1.45,1.4,1.45,12870,2257710,2026-08-11,21600.0,PE,NSE_FO|40880|11-08-2026,NIFTY 21600 PE 11 AUG 26,65
2026-08-04 09:50:00+05:30,1.45,1.55,1.45,1.5,12740,2252965,2026-08-11,21600.0,PE,NSE_FO|40880|11-08-2026,NIFTY 21600 PE 11 AUG 26,65
2026-08-04 09:55:00+05:30,1.55,1.55,1.5,1.5,14495,2253745,2026-08-11,21600.0,PE,NSE_FO|40880|11-08-2026,NIFTY 21600 PE 11 AUG 26,65
2026-08-04 10:00:00+05:30,1.5,1.55,1.5,1.5,5850,2256865,2026-08-11,21600.0,PE,NSE_FO|40880|11-08-2026,NIFTY 21600 PE 11 AUG 26,65
2026-08-04 10:05:00+05:30,1.5,1.55,1.5,1.55,5915,2252640,2026-08-11,21600.0,PE,NSE_FO|40880|11-08-2026,NIFTY 21600 PE 11 AUG 26,65
2026-08-04 10:10:00+05:30,1.55,1.55,1.5,1.5,3445,2254200,2026-08-11,21600.0,PE,NSE_FO|40880|11-08-2026,NIFTY 21600 PE 11 AUG 26,65
2026-08-04 10:15:00+05:30,1.55,1.55,1.4,1.45,41275,2281110,2026-08-11,21600.0,PE,NSE_FO|40880|11-08-2026,NIFTY 21600 PE 11 AUG 26,65
2026-08-04 10:20:00+05:30,1.45,1.45,1.4,1.45,2275,2282410,2026-08-11,21600.0,PE,NSE_FO|40880|11-08-2026,NIFTY 21600 PE 11 AUG 26,65
2026-08-04 10:25:00+05:30,1.4,1.45,1.4,1.45,2340,2284295,2026-08-11,21600.0,PE,NSE_FO|40880|11-08-2026,NIFTY 21600 PE 11 AUG 26,65
2026-08-04 10:30:00+05:30,1.45,1.45,1.4,1.4,3575,2284295,2026-08-11,21600.0,PE,NSE_FO|40880|11-08-2026,NIFTY 21600 PE 11 AUG 26,65
2026-08-04 10:35:00+05:30,1.4,1.45,1.35,1.4,17290,2293070,2026-08-11,21600.0,PE,NSE_FO|40880|11-08-2026,NIFTY 21600 PE 11 AUG 26,65
2026-08-04 10:40:00+05:30,1.4,1.4,1.3,1.35,42250,2311920,2026-08-11,21600.0,PE,NSE_FO|40880|11-08-2026,NIFTY 21600 PE 11 AUG 26,65
2026-08-04 10:45:00+05:30,1.35,1.35,1.3,1.35,7735,2311920,2026-08-11,21600.0,PE,NSE_FO|40880|11-08-2026,NIFTY 21600 PE 11 AUG 26,65
2026-08-04 10:50:00+05:30,1.35,1.35,1.3,1.35,8450,2315365,2026-08-11,21600.0,PE,NSE_FO|40880|11-08-2026,NIFTY 21600 PE 11 AUG 26,65
2026-08-04 10:55:00+05:30,1.3,1.35,1.25,1.3,536250,2814370,2026-08-11,21600.0,PE,NSE_FO|40880|11-08-2026,NIFTY 21600 PE 11 AUG 26,65
2026-08-04 11:00:00+05:30,1.3,1.4,1.3,1.3,22880,2818010,2026-08-11,21600.0,PE,NSE_FO|40880|11-08-2026,NIFTY 21600 PE 11 AUG 26,65
2026-08-04 11:05:00+05:30,1.35,1.35,1.3,1.35,48295,2826070,2026-08-11,21600.0,PE,NSE_FO|40880|11-08-2026,NIFTY 21600 PE 11 AUG 26,65
2026-08-04 11:10:00+05:30,1.35,1.35,1.35,1.35,2600,2822300,2026-08-11,21600.0,PE,NSE_FO|40880|11-08-2026,NIFTY 21600 PE 11 AUG 26,65
2026-08-04 11:15:00+05:30,1.3,1.35,1.3,1.35,1885,2824900,2026-08-11,21600.0,PE,NSE_FO|40880|11-08-2026,NIFTY 21600 PE 11 AUG 26,65
2026-08-04 11:20:00+05:30,1.35,1.35,1.3,1.3,28990,2826265,2026-08-11,21600.0,PE,NSE_FO|40880|11-08-2026,NIFTY 21600 PE 11 AUG 26,65
2026-08-04 11:25:00+05:30,1.3,1.35,1.25,1.25,38155,2846480,2026-08-11,21600.0,PE,NSE_FO|40880|11-08-2026,NIFTY 21600 PE 11 AUG 26,65
2026-08-04 11:30:00+05:30,1.25,1.25,1.14,1.25,19695,2858895,2026-08-11,21600.0,PE,NSE_FO|40880|11-08-2026,NIFTY 21600 PE 11 AUG 26,65
2026-08-04 11:35:00+05:30,1.25,1.25,1.1,1.1,28990,2876510,2026-08-11,21600.0,PE,NSE_FO|40880|11-08-2026,NIFTY 21600 PE 11 AUG 26,65
2026-08-04 11:40:00+05:30,1.1,1.2,1.1,1.14,14885,2879695,2026-08-11,21600.0,PE,NSE_FO|40880|11-08-2026,NIFTY 21600 PE 11 AUG 26,65
2026-08-04 11:45:00+05:30,1.14,1.14,1.1,1.1,38805,2866890,2026-08-11,21600.0,PE,NSE_FO|40880|11-08-2026,NIFTY 21600 PE 11 AUG 26,65
2026-08-04 11:50:00+05:30,1.14,1.14,1.1,1.14,15405,2871700,2026-08-11,21600.0,PE,NSE_FO|40880|11-08-2026,NIFTY 21600 PE 11 AUG 26,65
2026-08-04 11:55:00+05:30,1.2,1.2,1.1,1.1,23400,2862145,2026-08-11,21600.0,PE,NSE_FO|40880|11-08-2026,NIFTY 21600 PE 11 AUG 26,65
2026-08-04 12:00:00+05:30,1.1,1.2,1.1,1.14,58500,2865460,2026-08-11,21600.0,PE,NSE_FO|40880|11-08-2026,NIFTY 21600 PE 11 AUG 26,65
2026-08-04 12:05:00+05:30,1.14,1.2,1.14,1.14,16315,2863445,2026-08-11,21600.0,PE,NSE_FO|40880|11-08-2026,NIFTY 21600 PE 11 AUG 26,65
2026-08-04 12:10:00+05:30,1.14,1.2,1.14,1.2,37180,2855125,2026-08-11,21600.0,PE,NSE_FO|40880|11-08-2026,NIFTY 21600 PE 11 AUG 26,65
2026-08-04 12:15:00+05:30,1.2,1.25,1.14,1.2,35945,2858050,2026-08-11,21600.0,PE,NSE_FO|40880|11-08-2026,NIFTY 21600 PE 11 AUG 26,65
2026-08-04 12:20:00+05:30,1.2,1.25,1.14,1.25,14495,2853630,2026-08-11,21600.0,PE,NSE_FO|40880|11-08-2026,NIFTY 21600 PE 11 AUG 26,65
2026-08-04 12:25:00+05:30,1.2,1.25,1.2,1.25,23985,2850640,2026-08-11,21600.0,PE,NSE_FO|40880|11-08-2026,NIFTY 21600 PE 11 AUG 26,65
2026-08-04 12:30:00+05:30,1.25,1.25,1.2,1.25,10335,2856100,2026-08-11,21600.0,PE,NSE_FO|40880|11-08-2026,NIFTY 21600 PE 11 AUG 26,65
2026-08-04 12:35:00+05:30,1.25,1.25,1.2,1.2,22620,2848170,2026-08-11,21600.0,PE,NSE_FO|40880|11-08-2026,NIFTY 21600 PE 11 AUG 26,65
2026-08-04 12:40:00+05:30,1.2,1.2,1.2,1.2,6890,2848170,2026-08-11,21600.0,PE,NSE_FO|40880|11-08-2026,NIFTY 21600 PE 11 AUG 26,65
2026-08-04 12:45:00+05:30,1.2,1.25,1.2,1.2,16705,2865850,2026-08-11,21600.0,PE,NSE_FO|40880|11-08-2026,NIFTY 21600 PE 11 AUG 26,65
2026-08-04 12:50:00+05:30,1.2,1.2,1.2,1.2,0,2865850,2026-08-11,21600.0,PE,NSE_FO|40880|11-08-2026,NIFTY 21600 PE 11 AUG 26,65
2026-08-04 12:55:00+05:30,1.25,1.25,1.2,1.25,6305,2865200,2026-08-11,21600.0,PE,NSE_FO|40880|11-08-2026,NIFTY 21600 PE 11 AUG 26,65
2026-08-04 13:00:00+05:30,1.25,1.25,1.25,1.25,24245,2864940,2026-08-11,21600.0,PE,NSE_FO|40880|11-08-2026,NIFTY 21600 PE 11 AUG 26,65
2026-08-04 13:05:00+05:30,1.3,1.3,1.25,1.3,157105,2970175,2026-08-11,21600.0,PE,NSE_FO|40880|11-08-2026,NIFTY 21600 PE 11 AUG 26,65
2026-08-04 13:10:00+05:30,1.3,1.4,1.3,1.35,20605,2979340,2026-08-11,21600.0,PE,NSE_FO|40880|11-08-2026,NIFTY 21600 PE 11 AUG 26,65
2026-08-04 13:15:00+05:30,1.35,1.4,1.2,1.25,248495,3188965,2026-08-11,21600.0,PE,NSE_FO|40880|11-08-2026,NIFTY 21600 PE 11 AUG 26,65
2026-08-04 13:20:00+05:30,1.25,1.25,1.2,1.2,14365,3190395,2026-08-11,21600.0,PE,NSE_FO|40880|11-08-2026,NIFTY 21600 PE 11 AUG 26,65
2026-08-04 13:25:00+05:30,1.2,1.25,1.2,1.25,6240,3188900,2026-08-11,21600.0,PE,NSE_FO|40880|11-08-2026,NIFTY 21600 PE 11 AUG 26,65
2026-08-04 13:30:00+05:30,1.25,1.25,1.14,1.2,14950,3183245,2026-08-11,21600.0,PE,NSE_FO|40880|11-08-2026,NIFTY 21600 PE 11 AUG 26,65
2026-08-04 13:35:00+05:30,1.2,1.4,1.2,1.3,256945,3406325,2026-08-11,21600.0,PE,NSE_FO|40880|11-08-2026,NIFTY 21600 PE 11 AUG 26,65
2026-08-04 13:40:00+05:30,1.3,1.35,1.3,1.35,2210,3406325,2026-08-11,21600.0,PE,NSE_FO|40880|11-08-2026,NIFTY 21600 PE 11 AUG 26,65
2026-08-04 13:45:00+05:30,1.3,1.35,1.25,1.25,44655,3400215,2026-08-11,21600.0,PE,NSE_FO|40880|11-08-2026,NIFTY 21600 PE 11 AUG 26,65
2026-08-04 13:50:00+05:30,1.3,1.3,1.25,1.25,3445,3399370,2026-08-11,21600.0,PE,NSE_FO|40880|11-08-2026,NIFTY 21600 PE 11 AUG 26,65
2026-08-04 13:55:00+05:30,1.25,1.3,1.25,1.25,7475,3397485,2026-08-11,21600.0,PE,NSE_FO|40880|11-08-2026,NIFTY 21600 PE 11 AUG 26,65
2026-08-04 14:00:00+05:30,1.25,1.25,1.2,1.25,8710,3397485,2026-08-11,21600.0,PE,NSE_FO|40880|11-08-2026,NIFTY 21600 PE 11 AUG 26,65
2026-08-04 14:05:00+05:30,1.25,1.3,1.25,1.3,15860,3402230,2026-08-11,21600.0,PE,NSE_FO|40880|11-08-2026,NIFTY 21600 PE 11 AUG 26,65
2026-08-04 14:10:00+05:30,1.25,1.25,1.25,1.25,8710,3402555,2026-08-11,21600.0,PE,NSE_FO|40880|11-08-2026,NIFTY 21600 PE 11 AUG 26,65
2026-08-04 14:15:00+05:30,1.25,1.25,1.2,1.25,5720,3401645,2026-08-11,21600.0,PE,NSE_FO|40880|11-08-2026,NIFTY 21600 PE 11 AUG 26,65
2026-08-04 14:20:00+05:30,1.25,1.3,1.2,1.3,14105,3406260,2026-08-11,21600.0,PE,NSE_FO|40880|11-08-2026,NIFTY 21600 PE 11 AUG 26,65
2026-08-04 14:25:00+05:30,1.3,1.3,1.25,1.3,16900,3411460,2026-08-11,21600.0,PE,NSE_FO|40880|11-08-2026,NIFTY 21600 PE 11 AUG 26,65
2026-08-04 14:30:00+05:30,1.3,1.3,1.25,1.25,910,3411460,2026-08-11,21600.0,PE,NSE_FO|40880|11-08-2026,NIFTY 21600 PE 11 AUG 26,65
2026-08-04 14:35:00+05:30,1.25,1.3,1.25,1.3,7605,3410160,2026-08-11,21600.0,PE,NSE_FO|40880|11-08-2026,NIFTY 21600 PE 11 AUG 26,65
2026-08-04 14:40:00+05:30,1.3,1.35,1.3,1.3,10465,3415815,2026-08-11,21600.0,PE,NSE_FO|40880|11-08-2026,NIFTY 21600 PE 11 AUG 26,65
2026-08-04 14:45:00+05:30,1.3,1.35,1.25,1.3,82940,3464500,2026-08-11,21600.0,PE,NSE_FO|40880|11-08-2026,NIFTY 21600 PE 11 AUG 26,65
2026-08-04 14:50:00+05:30,1.3,1.3,1.25,1.25,18915,3473210,2026-08-11,21600.0,PE,NSE_FO|40880|11-08-2026,NIFTY 21600 PE 11 AUG 26,65
2026-08-04 14:55:00+05:30,1.25,1.3,1.25,1.25,86970,3540680,2026-08-11,21600.0,PE,NSE_FO|40880|11-08-2026,NIFTY 21600 PE 11 AUG 26,65
2026-08-04 15:00:00+05:30,1.3,1.3,1.2,1.2,38870,3538470,2026-08-11,21600.0,PE,NSE_FO|40880|11-08-2026,NIFTY 21600 PE 11 AUG 26,65
2026-08-04 15:05:00+05:30,1.2,1.25,1.2,1.25,28405,3536325,2026-08-11,21600.0,PE,NSE_FO|40880|11-08-2026,NIFTY 21600 PE 11 AUG 26,65
2026-08-04 15:10:00+05:30,1.25,1.25,1.05,1.05,108810,3598010,2026-08-11,21600.0,PE,NSE_FO|40880|11-08-2026,NIFTY 21600 PE 11 AUG 26,65
2026-08-04 15:15:00+05:30,1.1,1.14,1.05,1.14,163670,3667560,2026-08-11,21600.0,PE,NSE_FO|40880|11-08-2026,NIFTY 21600 PE 11 AUG 26,65
2026-08-04 15:20:00+05:30,1.14,1.14,1.1,1.14,27885,3689790,2026-08-11,21600.0,PE,NSE_FO|40880|11-08-2026,NIFTY 21600 PE 11 AUG 26,65
2026-08-04 15:25:00+05:30,1.14,1.2,1.05,1.05,91000,3721380,2026-08-11,21600.0,PE,NSE_FO|40880|11-08-2026,NIFTY 21600 PE 11 AUG 26,65
2026-08-04 15:30:00+05:30,1.1,1.14,1.05,1.05,53690,3744130,2026-08-11,21600.0,PE,NSE_FO|40880|11-08-2026,NIFTY 21600 PE 11 AUG 26,65
2026-08-04 15:35:00+05:30,1.1,1.1,0.95,1.05,229125,3836365,2026-08-11,21600.0,PE,NSE_FO|40880|11-08-2026,NIFTY 21600 PE 11 AUG 26,65
2026-08-05 09:15:00+05:30,1.15,1.15,0.85,0.9,230880,3868410,2026-08-11,21600.0,PE,NSE_FO|40880|11-08-2026,NIFTY 21600 PE 11 AUG 26,65
2026-08-05 09:20:00+05:30,0.9,0.95,0.85,0.9,92755,3854890,2026-08-11,21600.0,PE,NSE_FO|40880|11-08-2026,NIFTY 21600 PE 11 AUG 26,65
2026-08-05 09:25:00+05:30,0.95,0.95,0.9,0.95,30550,3855215,2026-08-11,21600.0,PE,NSE_FO|40880|11-08-2026,NIFTY 21600 PE 11 AUG 26,65
2026-08-05 09:30:00+05:30,0.9,0.95,0.9,0.95,29835,3855280,2026-08-11,21600.0,PE,NSE_FO|40880|11-08-2026,NIFTY 21600 PE 11 AUG 26,65
2026-08-05 09:35:00+05:30,0.95,1.0,0.9,0.95,89505,3851380,2026-08-11,21600.0,PE,NSE_FO|40880|11-08-2026,NIFTY 21600 PE 11 AUG 26,65
2026-08-05 09:40:00+05:30,1.0,1.0,0.85,0.85,295230,3865485,2026-08-11,21600.0,PE,NSE_FO|40880|11-08-2026,NIFTY 21600 PE 11 AUG 26,65
2026-08-05 09:45:00+05:30,0.9,0.95,0.85,0.95,39845,3858465,2026-08-11,21600.0,PE,NSE_FO|40880|11-08-2026,NIFTY 21600 PE 11 AUG 26,65
2026-08-05 09:50:00+05:30,0.95,0.95,0.9,0.95,47125,3838055,2026-08-11,21600.0,PE,NSE_FO|40880|11-08-2026,NIFTY 21600 PE 11 AUG 26,65
2026-08-05 09:55:00+05:30,0.95,1.1,0.9,0.95,325520,3824665,2026-08-11,21600.0,PE,NSE_FO|40880|11-08-2026,NIFTY 21600 PE 11 AUG 26,65
2026-08-05 10:00:00+05:30,0.95,1.0,0.9,0.95,98735,3810690,2026-08-11,21600.0,PE,NSE_FO|40880|11-08-2026,NIFTY 21600 PE 11 AUG 26,65
2026-08-05 10:05:00+05:30,0.95,1.0,0.9,1.0,52195,3807765,2026-08-11,21600.0,PE,NSE_FO|40880|11-08-2026,NIFTY 21600 PE 11 AUG 26,65
2026-08-05 10:10:00+05:30,0.95,1.0,0.95,0.95,63635,3807765,2026-08-11,21600.0,PE,NSE_FO|40880|11-08-2026,NIFTY 21600 PE 11 AUG 26,65
2026-08-05 10:15:00+05:30,1.0,1.0,0.95,0.95,31785,3799445,2026-08-11,21600.0,PE,NSE_FO|40880|11-08-2026,NIFTY 21600 PE 11 AUG 26,65
2026-08-05 10:20:00+05:30,1.0,1.0,0.95,1.0,28925,3797950,2026-08-11,21600.0,PE,NSE_FO|40880|11-08-2026,NIFTY 21600 PE 11 AUG 26,65
2026-08-05 10:25:00+05:30,0.95,1.0,0.95,1.0,41795,3797300,2026-08-11,21600.0,PE,NSE_FO|40880|11-08-2026,NIFTY 21600 PE 11 AUG 26,65
2026-08-05 10:30:00+05:30,0.95,1.0,0.95,1.0,47190,3804385,2026-08-11,21600.0,PE,NSE_FO|40880|11-08-2026,NIFTY 21600 PE 11 AUG 26,65
2026-08-05 10:35:00+05:30,1.0,1.0,0.95,0.95,12090,3812055,2026-08-11,21600.0,PE,NSE_FO|40880|11-08-2026,NIFTY 21600 PE 11 AUG 26,65
2026-08-05 10:40:00+05:30,1.0,1.0,0.95,0.95,17290,3823820,2026-08-11,21600.0,PE,NSE_FO|40880|11-08-2026,NIFTY 21600 PE 11 AUG 26,65
2026-08-05 10:45:00+05:30,1.0,1.0,0.95,1.0,7085,3822520,2026-08-11,21600.0,PE,NSE_FO|40880|11-08-2026,NIFTY 21600 PE 11 AUG 26,65
2026-08-05 10:50:00+05:30,0.95,1.15,0.95,1.05,193375,3894865,2026-08-11,21600.0,PE,NSE_FO|40880|11-08-2026,NIFTY 21600 PE 11 AUG 26,65
2026-08-05 10:55:00+05:30,1.05,1.1,1.0,1.1,55185,3892460,2026-08-11,21600.0,PE,NSE_FO|40880|11-08-2026,NIFTY 21600 PE 11 AUG 26,65
2026-08-05 11:00:00+05:30,1.1,1.15,1.05,1.1,70200,3887910,2026-08-11,21600.0,PE,NSE_FO|40880|11-08-2026,NIFTY 21600 PE 11 AUG 26,65
2026-08-05 11:05:00+05:30,1.1,1.1,1.05,1.05,65715,3915730,2026-08-11,21600.0,PE,NSE_FO|40880|11-08-2026,NIFTY 21600 PE 11 AUG 26,65
2026-08-05 11:10:00+05:30,1.05,1.05,1.0,1.05,31850,3942185,2026-08-11,21600.0,PE,NSE_FO|40880|11-08-2026,NIFTY 21600 PE 11 AUG 26,65
2026-08-05 11:15:00+05:30,1.0,1.05,1.0,1.05,9425,3946085,2026-08-11,21600.0,PE,NSE_FO|40880|11-08-2026,NIFTY 21600 PE 11 AUG 26,65
2026-08-05 11:20:00+05:30,1.0,1.05,1.0,1.0,16705,3947840,2026-08-11,21600.0,PE,NSE_FO|40880|11-08-2026,NIFTY 21600 PE 11 AUG 26,65
2026-08-05 11:25:00+05:30,1.0,1.05,0.95,1.0,55315,3969875,2026-08-11,21600.0,PE,NSE_FO|40880|11-08-2026,NIFTY 21600 PE 11 AUG 26,65
2026-08-05 11:30:00+05:30,0.95,1.0,0.95,0.95,12155,3969875,2026-08-11,21600.0,PE,NSE_FO|40880|11-08-2026,NIFTY 21600 PE 11 AUG 26,65
2026-08-05 11:35:00+05:30,1.0,1.0,0.95,1.0,2860,3969875,2026-08-11,21600.0,PE,NSE_FO|40880|11-08-2026,NIFTY 21600 PE 11 AUG 26,65
2026-08-05 11:40:00+05:30,1.0,1.0,0.95,1.0,8385,3965975,2026-08-11,21600.0,PE,NSE_FO|40880|11-08-2026,NIFTY 21600 PE 11 AUG 26,65
2026-08-05 11:45:00+05:30,0.95,1.0,0.95,1.0,45175,3969290,2026-08-11,21600.0,PE,NSE_FO|40880|11-08-2026,NIFTY 21600 PE 11 AUG 26,65
2026-08-05 11:50:00+05:30,0.95,1.0,0.95,1.0,85280,4017845,2026-08-11,21600.0,PE,NSE_FO|40880|11-08-2026,NIFTY 21600 PE 11 AUG 26,65
2026-08-05 11:55:00+05:30,1.0,1.0,0.95,0.95,6955,4015115,2026-08-11,21600.0,PE,NSE_FO|40880|11-08-2026,NIFTY 21600 PE 11 AUG 26,65
2026-08-05 12:00:00+05:30,0.95,1.05,0.9,0.95,471250,4052750,2026-08-11,21600.0,PE,NSE_FO|40880|11-08-2026,NIFTY 21600 PE 11 AUG 26,65
2026-08-05 12:05:00+05:30,0.95,1.0,0.95,0.95,1105,4052750,2026-08-11,21600.0,PE,NSE_FO|40880|11-08-2026,NIFTY 21600 PE 11 AUG 26,65
2026-08-05 12:10:00+05:30,1.0,1.0,0.95,0.95,2730,4052750,2026-08-11,21600.0,PE,NSE_FO|40880|11-08-2026,NIFTY 21600 PE 11 AUG 26,65
2026-08-05 12:15:00+05:30,1.0,1.0,0.95,0.95,6565,4052620,2026-08-11,21600.0,PE,NSE_FO|40880|11-08-2026,NIFTY 21600 PE 11 AUG 26,65
2026-08-05 12:20:00+05:30,1.0,1.0,0.9,0.95,22100,4049370,2026-08-11,21600.0,PE,NSE_FO|40880|11-08-2026,NIFTY 21600 PE 11 AUG 26,65
2026-08-05 12:25:00+05:30,0.9,0.95,0.9,0.9,11505,4044430,2026-08-11,21600.0,PE,NSE_FO|40880|11-08-2026,NIFTY 21600 PE 11 AUG 26,65
2026-08-05 12:30:00+05:30,0.95,0.95,0.9,0.95,4940,4044430,2026-08-11,21600.0,PE,NSE_FO|40880|11-08-2026,NIFTY 21600 PE 11 AUG 26,65
2026-08-05 12:35:00+05:30,0.95,0.95,0.85,0.9,87815,4062305,2026-08-11,21600.0,PE,NSE_FO|40880|11-08-2026,NIFTY 21600 PE 11 AUG 26,65
2026-08-05 12:40:00+05:30,0.95,0.95,0.9,0.95,34840,3999970,2026-08-11,21600.0,PE,NSE_FO|40880|11-08-2026,NIFTY 21600 PE 11 AUG 26,65
2026-08-05 12:45:00+05:30,0.95,1.0,0.9,0.95,101075,3961230,2026-08-11,21600.0,PE,NSE_FO|40880|11-08-2026,NIFTY 21600 PE 11 AUG 26,65
2026-08-05 12:50:00+05:30,0.95,1.0,0.9,0.9,48880,3954535,2026-08-11,21600.0,PE,NSE_FO|40880|11-08-2026,NIFTY 21600 PE 11 AUG 26,65
2026-08-05 12:55:00+05:30,0.9,0.95,0.9,0.9,108355,3870555,2026-08-11,21600.0,PE,NSE_FO|40880|11-08-2026,NIFTY 21600 PE 11 AUG 26,65
2026-08-05 13:00:00+05:30,0.9,0.95,0.9,0.95,325,3870295,2026-08-11,21600.0,PE,NSE_FO|40880|11-08-2026,NIFTY 21600 PE 11 AUG 26,65
2026-08-05 13:05:00+05:30,0.9,0.95,0.9,0.9,8255,3865225,2026-08-11,21600.0,PE,NSE_FO|40880|11-08-2026,NIFTY 21600 PE 11 AUG 26,65
2026-08-05 13:10:00+05:30,0.9,0.95,0.9,0.9,3575,3864640,2026-08-11,21600.0,PE,NSE_FO|40880|11-08-2026,NIFTY 21600 PE 11 AUG 26,65
2026-08-05 13:15:00+05:30,0.9,0.95,0.9,0.9,2015,3862885,2026-08-11,21600.0,PE,NSE_FO|40880|11-08-2026,NIFTY 21600 PE 11 AUG 26,65
2026-08-05 13:20:00+05:30,0.95,0.95,0.9,0.9,1040,3862170,2026-08-11,21600.0,PE,NSE_FO|40880|11-08-2026,NIFTY 21600 PE 11 AUG 26,65
2026-08-05 13:25:00+05:30,0.95,1.0,0.95,0.95,32370,3855215,2026-08-11,21600.0,PE,NSE_FO|40880|11-08-2026,NIFTY 21600 PE 11 AUG 26,65
2026-08-05 13:30:00+05:30,1.0,1.0,0.95,0.95,1235,3855605,2026-08-11,21600.0,PE,NSE_FO|40880|11-08-2026,NIFTY 21600 PE 11 AUG 26,65
2026-08-05 13:35:00+05:30,1.0,1.0,0.95,0.95,1170,3855605,2026-08-11,21600.0,PE,NSE_FO|40880|11-08-2026,NIFTY 21600 PE 11 AUG 26,65
2026-08-05 13:40:00+05:30,1.0,1.0,0.9,0.9,16900,3855735,2026-08-11,21600.0,PE,NSE_FO|40880|11-08-2026,NIFTY 21600 PE 11 AUG 26,65
2026-08-05 13:45:00+05:30,0.9,0.95,0.9,0.9,10075,3843775,2026-08-11,21600.0,PE,NSE_FO|40880|11-08-2026,NIFTY 21600 PE 11 AUG 26,65
2026-08-05 13:50:00+05:30,0.9,0.95,0.9,0.9,910,3842670,2026-08-11,21600.0,PE,NSE_FO|40880|11-08-2026,NIFTY 21600 PE 11 AUG 26,65
2026-08-05 13:55:00+05:30,0.95,0.95,0.9,0.95,1365,3841305,2026-08-11,21600.0,PE,NSE_FO|40880|11-08-2026,NIFTY 21600 PE 11 AUG 26,65
2026-08-05 14:00:00+05:30,0.95,0.95,0.9,0.9,1040,3841305,2026-08-11,21600.0,PE,NSE_FO|40880|11-08-2026,NIFTY 21600 PE 11 AUG 26,65
2026-08-05 14:05:00+05:30,0.9,0.95,0.85,0.85,117000,3773640,2026-08-11,21600.0,PE,NSE_FO|40880|11-08-2026,NIFTY 21600 PE 11 AUG 26,65
2026-08-05 14:10:00+05:30,0.85,0.9,0.85,0.85,25545,3765775,2026-08-11,21600.0,PE,NSE_FO|40880|11-08-2026,NIFTY 21600 PE 11 AUG 26,65
2026-08-05 14:15:00+05:30,0.85,0.9,0.85,0.9,9620,3761875,2026-08-11,21600.0,PE,NSE_FO|40880|11-08-2026,NIFTY 21600 PE 11 AUG 26,65
2026-08-05 14:20:00+05:30,0.9,0.9,0.85,0.85,19305,3747445,2026-08-11,21600.0,PE,NSE_FO|40880|11-08-2026,NIFTY 21600 PE 11 AUG 26,65
2026-08-05 14:25:00+05:30,0.85,0.9,0.85,0.9,1690,3745885,2026-08-11,21600.0,PE,NSE_FO|40880|11-08-2026,NIFTY 21600 PE 11 AUG 26,65
2026-08-05 14:30:00+05:30,0.9,0.9,0.85,0.85,14040,3744715,2026-08-11,21600.0,PE,NSE_FO|40880|11-08-2026,NIFTY 21600 PE 11 AUG 26,65
2026-08-05 14:35:00+05:30,0.9,0.9,0.85,0.85,34645,3713515,2026-08-11,21600.0,PE,NSE_FO|40880|11-08-2026,NIFTY 21600 PE 11 AUG 26,65
2026-08-05 14:40:00+05:30,0.85,0.9,0.85,0.9,2535,3713515,2026-08-11,21600.0,PE,NSE_FO|40880|11-08-2026,NIFTY 21600 PE 11 AUG 26,65
2026-08-05 14:45:00+05:30,0.85,0.9,0.85,0.9,8190,3715725,2026-08-11,21600.0,PE,NSE_FO|40880|11-08-2026,NIFTY 21600 PE 11 AUG 26,65
2026-08-05 14:50:00+05:30,0.9,0.9,0.8,0.9,59020,3689920,2026-08-11,21600.0,PE,NSE_FO|40880|11-08-2026,NIFTY 21600 PE 11 AUG 26,65
2026-08-05 14:55:00+05:30,0.85,0.9,0.85,0.85,6565,3689270,2026-08-11,21600.0,PE,NSE_FO|40880|11-08-2026,NIFTY 21600 PE 11 AUG 26,65
2026-08-05 15:00:00+05:30,0.9,0.9,0.85,0.85,172705,3681795,2026-08-11,21600.0,PE,NSE_FO|40880|11-08-2026,NIFTY 21600 PE 11 AUG 26,65
2026-08-05 15:05:00+05:30,0.85,0.9,0.85,0.85,139750,3642015,2026-08-11,21600.0,PE,NSE_FO|40880|11-08-2026,NIFTY 21600 PE 11 AUG 26,65
2026-08-05 15:10:00+05:30,0.85,0.85,0.8,0.85,130455,3639545,2026-08-11,21600.0,PE,NSE_FO|40880|11-08-2026,NIFTY 21600 PE 11 AUG 26,65
2026-08-05 15:15:00+05:30,0.85,0.9,0.8,0.8,178035,3630315,2026-08-11,21600.0,PE,NSE_FO|40880|11-08-2026,NIFTY 21600 PE 11 AUG 26,65
2026-08-05 15:20:00+05:30,0.85,0.85,0.8,0.85,46930,3621085,2026-08-11,21600.0,PE,NSE_FO|40880|11-08-2026,NIFTY 21600 PE 11 AUG 26,65
2026-08-05 15:25:00+05:30,0.8,0.95,0.8,0.95,210015,3611010,2026-08-11,21600.0,PE,NSE_FO|40880|11-08-2026,NIFTY 21600 PE 11 AUG 26,65
2026-08-05 15:30:00+05:30,0.9,0.9,0.75,0.8,393640,3459040,2026-08-11,21600.0,PE,NSE_FO|40880|11-08-2026,NIFTY 21600 PE 11 AUG 26,65
2026-08-05 15:35:00+05:30,0.75,0.8,0.75,0.8,113555,3465865,2026-08-11,21600.0,PE,NSE_FO|40880|11-08-2026,NIFTY 21600 PE 11 AUG 26,65
2026-08-06 09:15:00+05:30,0.85,0.95,0.75,0.9,257465,3437200,2026-08-11,21600.0,PE,NSE_FO|40880|11-08-2026,NIFTY 21600 PE 11 AUG 26,65
2026-08-06 09:20:00+05:30,0.95,1.0,0.9,0.9,142545,3405415,2026-08-11,21600.0,PE,NSE_FO|40880|11-08-2026,NIFTY 21600 PE 11 AUG 26,65
2026-08-06 09:25:00+05:30,0.95,0.95,0.85,0.85,73905,3369405,2026-08-11,21600.0,PE,NSE_FO|40880|11-08-2026,NIFTY 21600 PE 11 AUG 26,65
2026-08-06 09:30:00+05:30,0.9,0.9,0.85,0.9,37245,3367455,2026-08-11,21600.0,PE,NSE_FO|40880|11-08-2026,NIFTY 21600 PE 11 AUG 26,65
2026-08-06 09:35:00+05:30,0.9,0.9,0.85,0.85,121810,3379285,2026-08-11,21600.0,PE,NSE_FO|40880|11-08-2026,NIFTY 21600 PE 11 AUG 26,65
2026-08-06 09:40:00+05:30,0.9,0.9,0.85,0.9,6825,3390205,2026-08-11,21600.0,PE,NSE_FO|40880|11-08-2026,NIFTY 21600 PE 11 AUG 26,65
2026-08-06 09:45:00+05:30,0.85,0.9,0.85,0.85,25220,3391180,2026-08-11,21600.0,PE,NSE_FO|40880|11-08-2026,NIFTY 21600 PE 11 AUG 26,65
2026-08-06 09:50:00+05:30,0.8,0.85,0.8,0.8,5590,3390660,2026-08-11,21600.0,PE,NSE_FO|40880|11-08-2026,NIFTY 21600 PE 11 AUG 26,65
2026-08-06 09:55:00+05:30,0.85,0.85,0.8,0.85,5655,3388320,2026-08-11,21600.0,PE,NSE_FO|40880|11-08-2026,NIFTY 21600 PE 11 AUG 26,65
2026-08-06 10:00:00+05:30,0.85,0.85,0.8,0.85,7085,3390205,2026-08-11,21600.0,PE,NSE_FO|40880|11-08-2026,NIFTY 21600 PE 11 AUG 26,65
2026-08-06 10:05:00+05:30,0.8,0.85,0.8,0.85,9815,3384485,2026-08-11,21600.0,PE,NSE_FO|40880|11-08-2026,NIFTY 21600 PE 11 AUG 26,65
2026-08-06 10:10:00+05:30,0.8,0.85,0.8,0.8,25480,3381495,2026-08-11,21600.0,PE,NSE_FO|40880|11-08-2026,NIFTY 21600 PE 11 AUG 26,65
2026-08-06 10:15:00+05:30,0.85,0.85,0.8,0.8,6890,3381495,2026-08-11,21600.0,PE,NSE_FO|40880|11-08-2026,NIFTY 21600 PE 11 AUG 26,65
2026-08-06 10:20:00+05:30,0.8,0.8,0.75,0.8,780,3381495,2026-08-11,21600.0,PE,NSE_FO|40880|11-08-2026,NIFTY 21600 PE 11 AUG 26,65
2026-08-06 10:25:00+05:30,0.8,0.8,0.75,0.8,1560,3381495,2026-08-11,21600.0,PE,NSE_FO|40880|11-08-2026,NIFTY 21600 PE 11 AUG 26,65
2026-08-06 10:30:00+05:30,0.8,0.8,0.75,0.8,2340,3381495,2026-08-11,21600.0,PE,NSE_FO|40880|11-08-2026,NIFTY 21600 PE 11 AUG 26,65
2026-08-06 10:35:00+05:30,0.75,0.8,0.75,0.8,2210,3381495,2026-08-11,21600.0,PE,NSE_FO|40880|11-08-2026,NIFTY 21600 PE 11 AUG 26,65
2026-08-06 10:40:00+05:30,0.75,0.8,0.75,0.75,4160,3381495,2026-08-11,21600.0,PE,NSE_FO|40880|11-08-2026,NIFTY 21600 PE 11 AUG 26,65
2026-08-06 10:45:00+05:30,0.75,0.8,0.75,0.75,2535,3381495,2026-08-11,21600.0,PE,NSE_FO|40880|11-08-2026,NIFTY 21600 PE 11 AUG 26,65
2026-08-06 10:50:00+05:30,0.8,0.8,0.75,0.75,3445,3378830,2026-08-11,21600.0,PE,NSE_FO|40880|11-08-2026,NIFTY 21600 PE 11 AUG 26,65
2026-08-06 10:55:00+05:30,0.75,0.8,0.75,0.8,3185,3381040,2026-08-11,21600.0,PE,NSE_FO|40880|11-08-2026,NIFTY 21600 PE 11 AUG 26,65
2026-08-06 11:00:00+05:30,0.8,0.8,0.75,0.8,780,3381040,2026-08-11,21600.0,PE,NSE_FO|40880|11-08-2026,NIFTY 21600 PE 11 AUG 26,65
2026-08-06 11:05:00+05:30,0.8,0.8,0.75,0.75,4550,3380130,2026-08-11,21600.0,PE,NSE_FO|40880|11-08-2026,NIFTY 21600 PE 11 AUG 26,65
2026-08-06 11:10:00+05:30,0.75,0.8,0.75,0.8,585,3380130,2026-08-11,21600.0,PE,NSE_FO|40880|11-08-2026,NIFTY 21600 PE 11 AUG 26,65
2026-08-06 11:15:00+05:30,0.75,0.8,0.7,0.8,57785,3394040,2026-08-11,21600.0,PE,NSE_FO|40880|11-08-2026,NIFTY 21600 PE 11 AUG 26,65
2026-08-06 11:20:00+05:30,0.8,0.8,0.75,0.75,13130,3391245,2026-08-11,21600.0,PE,NSE_FO|40880|11-08-2026,NIFTY 21600 PE 11 AUG 26,65
2026-08-06 11:25:00+05:30,0.75,0.75,0.7,0.75,29900,3390595,2026-08-11,21600.0,PE,NSE_FO|40880|11-08-2026,NIFTY 21600 PE 11 AUG 26,65
2026-08-06 11:30:00+05:30,0.7,0.75,0.7,0.7,1170,3391440,2026-08-11,21600.0,PE,NSE_FO|40880|11-08-2026,NIFTY 21600 PE 11 AUG 26,65
2026-08-06 11:35:00+05:30,0.75,0.75,0.65,0.7,71890,3422185,2026-08-11,21600.0,PE,NSE_FO|40880|11-08-2026,NIFTY 21600 PE 11 AUG 26,65
2026-08-06 11:40:00+05:30,0.65,0.7,0.65,0.65,3185,3423030,2026-08-11,21600.0,PE,NSE_FO|40880|11-08-2026,NIFTY 21600 PE 11 AUG 26,65
2026-08-06 11:45:00+05:30,0.65,0.7,0.65,0.7,94510,3423290,2026-08-11,21600.0,PE,NSE_FO|40880|11-08-2026,NIFTY 21600 PE 11 AUG 26,65
2026-08-06 11:50:00+05:30,0.7,0.7,0.65,0.65,2990,3402685,2026-08-11,21600.0,PE,NSE_FO|40880|11-08-2026,NIFTY 21600 PE 11 AUG 26,65
2026-08-06 11:55:00+05:30,0.7,0.7,0.65,0.7,520,3402425,2026-08-11,21600.0,PE,NSE_FO|40880|11-08-2026,NIFTY 21600 PE 11 AUG 26,65
2026-08-06 12:00:00+05:30,0.65,0.7,0.65,0.7,18265,3395080,2026-08-11,21600.0,PE,NSE_FO|40880|11-08-2026,NIFTY 21600 PE 11 AUG 26,65
2026-08-06 12:05:00+05:30,0.7,0.7,0.65,0.7,845,3395470,2026-08-11,21600.0,PE,NSE_FO|40880|11-08-2026,NIFTY 21600 PE 11 AUG 26,65
2026-08-06 12:10:00+05:30,0.7,0.7,0.65,0.65,3510,3396445,2026-08-11,21600.0,PE,NSE_FO|40880|11-08-2026,NIFTY 21600 PE 11 AUG 26,65
2026-08-06 12:15:00+05:30,0.7,0.7,0.65,0.7,2730,3395795,2026-08-11,21600.0,PE,NSE_FO|40880|11-08-2026,NIFTY 21600 PE 11 AUG 26,65
2026-08-06 12:20:00+05:30,0.7,0.7,0.65,0.65,1820,3395990,2026-08-11,21600.0,PE,NSE_FO|40880|11-08-2026,NIFTY 21600 PE 11 AUG 26,65
2026-08-06 12:25:00+05:30,0.65,0.7,0.65,0.7,6110,3390660,2026-08-11,21600.0,PE,NSE_FO|40880|11-08-2026,NIFTY 21600 PE 11 AUG 26,65
2026-08-06 12:30:00+05:30,0.65,0.7,0.65,0.65,45305,3382080,2026-08-11,21600.0,PE,NSE_FO|40880|11-08-2026,NIFTY 21600 PE 11 AUG 26,65
2026-08-06 12:35:00+05:30,0.65,0.7,0.6,0.65,11830,3398395,2026-08-11,21600.0,PE,NSE_FO|40880|11-08-2026,NIFTY 21600 PE 11 AUG 26,65
2026-08-06 12:40:00+05:30,0.65,0.65,0.6,0.65,4030,3398590,2026-08-11,21600.0,PE,NSE_FO|40880|11-08-2026,NIFTY 21600 PE 11 AUG 26,65
2026-08-06 12:45:00+05:30,0.6,0.65,0.6,0.65,6110,3405870,2026-08-11,21600.0,PE,NSE_FO|40880|11-08-2026,NIFTY 21600 PE 11 AUG 26,65
2026-08-06 12:50:00+05:30,0.65,0.65,0.6,0.65,187655,3395210,2026-08-11,21600.0,PE,NSE_FO|40880|11-08-2026,NIFTY 21600 PE 11 AUG 26,65
2026-08-06 12:55:00+05:30,0.65,0.65,0.6,0.6,32565,3338270,2026-08-11,21600.0,PE,NSE_FO|40880|11-08-2026,NIFTY 21600 PE 11 AUG 26,65
2026-08-06 13:00:00+05:30,0.65,0.65,0.6,0.65,5395,3336125,2026-08-11,21600.0,PE,NSE_FO|40880|11-08-2026,NIFTY 21600 PE 11 AUG 26,65
2026-08-06 13:05:00+05:30,0.65,0.65,0.6,0.6,1365,3335800,2026-08-11,21600.0,PE,NSE_FO|40880|11-08-2026,NIFTY 21600 PE 11 AUG 26,65
2026-08-06 13:10:00+05:30,0.65,0.65,0.6,0.6,4615,3334500,2026-08-11,21600.0,PE,NSE_FO|40880|11-08-2026,NIFTY 21600 PE 11 AUG 26,65
2026-08-06 13:15:00+05:30,0.6,0.65,0.6,0.6,10920,3330470,2026-08-11,21600.0,PE,NSE_FO|40880|11-08-2026,NIFTY 21600 PE 11 AUG 26,65
2026-08-06 13:20:00+05:30,0.65,0.65,0.55,0.55,353730,3312920,2026-08-11,21600.0,PE,NSE_FO|40880|11-08-2026,NIFTY 21600 PE 11 AUG 26,65
2026-08-06 13:25:00+05:30,0.55,0.6,0.55,0.6,8125,3302520,2026-08-11,21600.0,PE,NSE_FO|40880|11-08-2026,NIFTY 21600 PE 11 AUG 26,65
2026-08-06 13:30:00+05:30,0.55,0.55,0.5,0.5,49920,3311490,2026-08-11,21600.0,PE,NSE_FO|40880|11-08-2026,NIFTY 21600 PE 11 AUG 26,65
2026-08-06 13:35:00+05:30,0.5,0.55,0.5,0.55,10725,3316300,2026-08-11,21600.0,PE,NSE_FO|40880|11-08-2026,NIFTY 21600 PE 11 AUG 26,65
2026-08-06 13:40:00+05:30,0.55,0.55,0.5,0.5,55380,3316560,2026-08-11,21600.0,PE,NSE_FO|40880|11-08-2026,NIFTY 21600 PE 11 AUG 26,65
2026-08-06 13:45:00+05:30,0.55,0.55,0.45,0.5,276380,3287310,2026-08-11,21600.0,PE,NSE_FO|40880|11-08-2026,NIFTY 21600 PE 11 AUG 26,65
2026-08-06 13:50:00+05:30,0.5,0.5,0.45,0.5,83915,3286400,2026-08-11,21600.0,PE,NSE_FO|40880|11-08-2026,NIFTY 21600 PE 11 AUG 26,65
2026-08-06 13:55:00+05:30,0.55,0.55,0.5,0.5,6110,3291665,2026-08-11,21600.0,PE,NSE_FO|40880|11-08-2026,NIFTY 21600 PE 11 AUG 26,65
2026-08-06 14:00:00+05:30,0.55,0.55,0.5,0.5,20475,3287635,2026-08-11,21600.0,PE,NSE_FO|40880|11-08-2026,NIFTY 21600 PE 11 AUG 26,65
2026-08-06 14:05:00+05:30,0.5,0.55,0.5,0.5,153270,3222765,2026-08-11,21600.0,PE,NSE_FO|40880|11-08-2026,NIFTY 21600 PE 11 AUG 26,65
2026-08-06 14:10:00+05:30,0.55,0.55,0.5,0.55,8645,3225625,2026-08-11,21600.0,PE,NSE_FO|40880|11-08-2026,NIFTY 21600 PE 11 AUG 26,65
2026-08-06 14:15:00+05:30,0.55,0.55,0.45,0.5,62140,3228290,2026-08-11,21600.0,PE,NSE_FO|40880|11-08-2026,NIFTY 21600 PE 11 AUG 26,65
2026-08-06 14:20:00+05:30,0.5,0.5,0.45,0.5,41795,3211845,2026-08-11,21600.0,PE,NSE_FO|40880|11-08-2026,NIFTY 21600 PE 11 AUG 26,65
2026-08-06 14:25:00+05:30,0.5,0.55,0.45,0.55,139100,3243630,2026-08-11,21600.0,PE,NSE_FO|40880|11-08-2026,NIFTY 21600 PE 11 AUG 26,65
2026-08-06 14:30:00+05:30,0.5,0.55,0.5,0.55,23335,3224845,2026-08-11,21600.0,PE,NSE_FO|40880|11-08-2026,NIFTY 21600 PE 11 AUG 26,65
2026-08-06 14:35:00+05:30,0.55,0.55,0.5,0.5,32565,3194425,2026-08-11,21600.0,PE,NSE_FO|40880|11-08-2026,NIFTY 21600 PE 11 AUG 26,65
2026-08-06 14:40:00+05:30,0.55,0.55,0.5,0.55,6760,3188120,2026-08-11,21600.0,PE,NSE_FO|40880|11-08-2026,NIFTY 21600 PE 11 AUG 26,65
2026-08-06 14:45:00+05:30,0.5,0.55,0.5,0.5,2795,3189745,2026-08-11,21600.0,PE,NSE_FO|40880|11-08-2026,NIFTY 21600 PE 11 AUG 26,65
2026-08-06 14:50:00+05:30,0.55,0.55,0.5,0.55,455,3189225,2026-08-11,21600.0,PE,NSE_FO|40880|11-08-2026,NIFTY 21600 PE 11 AUG 26,65
2026-08-06 14:55:00+05:30,0.55,0.55,0.5,0.5,11115,3194685,2026-08-11,21600.0,PE,NSE_FO|40880|11-08-2026,NIFTY 21600 PE 11 AUG 26,65
2026-08-06 15:00:00+05:30,0.5,0.55,0.5,0.5,38935,3202095,2026-08-11,21600.0,PE,NSE_FO|40880|11-08-2026,NIFTY 21600 PE 11 AUG 26,65
2026-08-06 15:05:00+05:30,0.55,0.55,0.5,0.55,4160,3198455,2026-08-11,21600.0,PE,NSE_FO|40880|11-08-2026,NIFTY 21600 PE 11 AUG 26,65
2026-08-06 15:10:00+05:30,0.55,0.55,0.5,0.55,113165,3219320,2026-08-11,21600.0,PE,NSE_FO|40880|11-08-2026,NIFTY 21600 PE 11 AUG 26,65
2026-08-06 15:15:00+05:30,0.5,0.55,0.5,0.55,60385,3211910,2026-08-11,21600.0,PE,NSE_FO|40880|11-08-2026,NIFTY 21600 PE 11 AUG 26,65
2026-08-06 15:20:00+05:30,0.5,0.6,0.5,0.6,129545,3226600,2026-08-11,21600.0,PE,NSE_FO|40880|11-08-2026,NIFTY 21600 PE 11 AUG 26,65
2026-08-06 15:25:00+05:30,0.6,0.6,0.55,0.55,51350,3239080,2026-08-11,21600.0,PE,NSE_FO|40880|11-08-2026,NIFTY 21600 PE 11 AUG 26,65
2026-08-06 15:30:00+05:30,0.6,0.6,0.55,0.55,9490,3241420,2026-08-11,21600.0,PE,NSE_FO|40880|11-08-2026,NIFTY 21600 PE 11 AUG 26,65
2026-08-06 15:35:00+05:30,0.6,0.6,0.5,0.55,289640,3219125,2026-08-11,21600.0,PE,NSE_FO|40880|11-08-2026,NIFTY 21600 PE 11 AUG 26,65
2026-08-07 09:15:00+05:30,0.6,0.6,0.45,0.45,233935,3251560,2026-08-11,21600.0,PE,NSE_FO|40880|11-08-2026,NIFTY 21600 PE 11 AUG 26,65
2026-08-07 09:20:00+05:30,0.45,0.5,0.45,0.5,78455,3211650,2026-08-11,21600.0,PE,NSE_FO|40880|11-08-2026,NIFTY 21600 PE 11 AUG 26,65
2026-08-07 09:25:00+05:30,0.5,0.5,0.45,0.5,46150,3240445,2026-08-11,21600.0,PE,NSE_FO|40880|11-08-2026,NIFTY 21600 PE 11 AUG 26,65
2026-08-07 09:30:00+05:30,0.5,0.5,0.45,0.5,3380,3255395,2026-08-11,21600.0,PE,NSE_FO|40880|11-08-2026,NIFTY 21600 PE 11 AUG 26,65
2026-08-07 09:35:00+05:30,0.5,0.5,0.45,0.45,14560,3265340,2026-08-11,21600.0,PE,NSE_FO|40880|11-08-2026,NIFTY 21600 PE 11 AUG 26,65
2026-08-07 09:40:00+05:30,0.5,0.5,0.45,0.45,13975,3266315,2026-08-11,21600.0,PE,NSE_FO|40880|11-08-2026,NIFTY 21600 PE 11 AUG 26,65
2026-08-07 09:45:00+05:30,0.5,0.5,0.45,0.5,29835,3264495,2026-08-11,21600.0,PE,NSE_FO|40880|11-08-2026,NIFTY 21600 PE 11 AUG 26,65
2026-08-07 09:50:00+05:30,0.5,0.55,0.45,0.5,254540,3198585,2026-08-11,21600.0,PE,NSE_FO|40880|11-08-2026,NIFTY 21600 PE 11 AUG 26,65
2026-08-07 09:55:00+05:30,0.5,0.55,0.5,0.5,81575,3190720,2026-08-11,21600.0,PE,NSE_FO|40880|11-08-2026,NIFTY 21600 PE 11 AUG 26,65
2026-08-07 10:00:00+05:30,0.5,0.5,0.45,0.5,34255,3190850,2026-08-11,21600.0,PE,NSE_FO|40880|11-08-2026,NIFTY 21600 PE 11 AUG 26,65
2026-08-07 10:05:00+05:30,0.5,0.5,0.45,0.45,61490,3214250,2026-08-11,21600.0,PE,NSE_FO|40880|11-08-2026,NIFTY 21600 PE 11 AUG 26,65
2026-08-07 10:10:00+05:30,0.5,0.5,0.45,0.45,29120,3212560,2026-08-11,21600.0,PE,NSE_FO|40880|11-08-2026,NIFTY 21600 PE 11 AUG 26,65
2026-08-07 10:15:00+05:30,0.45,0.5,0.45,0.45,49985,3184610,2026-08-11,21600.0,PE,NSE_FO|40880|11-08-2026,NIFTY 21600 PE 11 AUG 26,65
2026-08-07 10:20:00+05:30,0.5,0.5,0.4,0.45,119015,3146520,2026-08-11,21600.0,PE,NSE_FO|40880|11-08-2026,NIFTY 21600 PE 11 AUG 26,65
2026-08-07 10:25:00+05:30,0.45,0.45,0.4,0.4,125905,3162445,2026-08-11,21600.0,PE,NSE_FO|40880|11-08-2026,NIFTY 21600 PE 11 AUG 26,65
2026-08-07 10:30:00+05:30,0.4,0.45,0.4,0.4,19370,3164005,2026-08-11,21600.0,PE,NSE_FO|40880|11-08-2026,NIFTY 21600 PE 11 AUG 26,65
2026-08-07 10:35:00+05:30,0.4,0.45,0.4,0.45,16965,3161405,2026-08-11,21600.0,PE,NSE_FO|40880|11-08-2026,NIFTY 21600 PE 11 AUG 26,65
2026-08-07 10:40:00+05:30,0.45,0.45,0.4,0.4,13390,3161210,2026-08-11,21600.0,PE,NSE_FO|40880|11-08-2026,NIFTY 21600 PE 11 AUG 26,65
2026-08-07 10:45:00+05:30,0.4,0.45,0.4,0.45,3705,3161795,2026-08-11,21600.0,PE,NSE_FO|40880|11-08-2026,NIFTY 21600 PE 11 AUG 26,65
2026-08-07 10:50:00+05:30,0.45,0.45,0.4,0.45,17550,3166280,2026-08-11,21600.0,PE,NSE_FO|40880|11-08-2026,NIFTY 21600 PE 11 AUG 26,65
2026-08-07 10:55:00+05:30,0.4,0.45,0.4,0.45,195,3168815,2026-08-11,21600.0,PE,NSE_FO|40880|11-08-2026,NIFTY 21600 PE 11 AUG 26,65
2026-08-07 11:00:00+05:30,0.45,0.45,0.4,0.45,1235,3169660,2026-08-11,21600.0,PE,NSE_FO|40880|11-08-2026,NIFTY 21600 PE 11 AUG 26,65
2026-08-07 11:05:00+05:30,0.4,0.45,0.4,0.45,66950,3172780,2026-08-11,21600.0,PE,NSE_FO|40880|11-08-2026,NIFTY 21600 PE 11 AUG 26,65
2026-08-07 11:10:00+05:30,0.45,0.45,0.45,0.45,3250,3175965,2026-08-11,21600.0,PE,NSE_FO|40880|11-08-2026,NIFTY 21600 PE 11 AUG 26,65
2026-08-07 11:15:00+05:30,0.45,0.45,0.4,0.45,2860,3177590,2026-08-11,21600.0,PE,NSE_FO|40880|11-08-2026,NIFTY 21600 PE 11 AUG 26,65
2026-08-07 11:20:00+05:30,0.45,0.45,0.45,0.45,5460,3182010,2026-08-11,21600.0,PE,NSE_FO|40880|11-08-2026,NIFTY 21600 PE 11 AUG 26,65
2026-08-07 11:25:00+05:30,0.45,0.45,0.4,0.4,30680,3181685,2026-08-11,21600.0,PE,NSE_FO|40880|11-08-2026,NIFTY 21600 PE 11 AUG 26,65
2026-08-07 11:30:00+05:30,0.4,0.45,0.4,0.45,16900,3184415,2026-08-11,21600.0,PE,NSE_FO|40880|11-08-2026,NIFTY 21600 PE 11 AUG 26,65
2026-08-07 11:35:00+05:30,0.4,0.45,0.4,0.45,6175,3187990,2026-08-11,21600.0,PE,NSE_FO|40880|11-08-2026,NIFTY 21600 PE 11 AUG 26,65
2026-08-07 11:40:00+05:30,0.45,0.45,0.4,0.45,33345,3188640,2026-08-11,21600.0,PE,NSE_FO|40880|11-08-2026,NIFTY 21600 PE 11 AUG 26,65
2026-08-07 11:45:00+05:30,0.4,0.4,0.35,0.4,322855,3041025,2026-08-11,21600.0,PE,NSE_FO|40880|11-08-2026,NIFTY 21600 PE 11 AUG 26,65
2026-08-07 11:50:00+05:30,0.4,0.4,0.35,0.35,47450,3045575,2026-08-11,21600.0,PE,NSE_FO|40880|11-08-2026,NIFTY 21600 PE 11 AUG 26,65
2026-08-07 11:55:00+05:30,0.35,0.4,0.35,0.35,5265,3045380,2026-08-11,21600.0,PE,NSE_FO|40880|11-08-2026,NIFTY 21600 PE 11 AUG 26,65
2026-08-07 12:00:00+05:30,0.4,0.4,0.35,0.35,2535,3045900,2026-08-11,21600.0,PE,NSE_FO|40880|11-08-2026,NIFTY 21600 PE 11 AUG 26,65
2026-08-07 12:05:00+05:30,0.35,0.35,0.35,0.35,65,3045900,2026-08-11,21600.0,PE,NSE_FO|40880|11-08-2026,NIFTY 21600 PE 11 AUG 26,65
2026-08-07 12:10:00+05:30,0.4,0.4,0.4,0.4,1755,3044340,2026-08-11,21600.0,PE,NSE_FO|40880|11-08-2026,NIFTY 21600 PE 11 AUG 26,65
2026-08-07 12:15:00+05:30,0.4,0.4,0.35,0.35,8905,3045575,2026-08-11,21600.0,PE,NSE_FO|40880|11-08-2026,NIFTY 21600 PE 11 AUG 26,65
2026-08-07 12:20:00+05:30,0.35,0.4,0.35,0.4,20085,3043950,2026-08-11,21600.0,PE,NSE_FO|40880|11-08-2026,NIFTY 21600 PE 11 AUG 26,65
2026-08-07 12:25:00+05:30,0.4,0.4,0.35,0.35,325,3042585,2026-08-11,21600.0,PE,NSE_FO|40880|11-08-2026,NIFTY 21600 PE 11 AUG 26,65
2026-08-07 12:30:00+05:30,0.35,0.4,0.35,0.35,8515,3042650,2026-08-11,21600.0,PE,NSE_FO|40880|11-08-2026,NIFTY 21600 PE 11 AUG 26,65
2026-08-07 12:35:00+05:30,0.35,0.4,0.35,0.4,1430,3037710,2026-08-11,21600.0,PE,NSE_FO|40880|11-08-2026,NIFTY 21600 PE 11 AUG 26,65
2026-08-07 12:40:00+05:30,0.4,0.4,0.35,0.35,1040,3038295,2026-08-11,21600.0,PE,NSE_FO|40880|11-08-2026,NIFTY 21600 PE 11 AUG 26,65
2026-08-07 12:45:00+05:30,0.35,0.4,0.35,0.35,390,3038620,2026-08-11,21600.0,PE,NSE_FO|40880|11-08-2026,NIFTY 21600 PE 11 AUG 26,65
2026-08-07 12:50:00+05:30,0.35,0.4,0.35,0.4,3705,3038425,2026-08-11,21600.0,PE,NSE_FO|40880|11-08-2026,NIFTY 21600 PE 11 AUG 26,65
2026-08-07 12:55:00+05:30,0.4,0.4,0.35,0.4,25350,3030560,2026-08-11,21600.0,PE,NSE_FO|40880|11-08-2026,NIFTY 21600 PE 11 AUG 26,65
2026-08-07 13:00:00+05:30,0.4,0.4,0.35,0.4,30680,3034525,2026-08-11,21600.0,PE,NSE_FO|40880|11-08-2026,NIFTY 21600 PE 11 AUG 26,65
2026-08-07 13:05:00+05:30,0.4,0.4,0.4,0.4,9750,3026790,2026-08-11,21600.0,PE,NSE_FO|40880|11-08-2026,NIFTY 21600 PE 11 AUG 26,65
2026-08-07 13:10:00+05:30,0.4,0.4,0.35,0.35,910,3026790,2026-08-11,21600.0,PE,NSE_FO|40880|11-08-2026,NIFTY 21600 PE 11 AUG 26,65
2026-08-07 13:15:00+05:30,0.4,0.4,0.4,0.4,3640,3024580,2026-08-11,21600.0,PE,NSE_FO|40880|11-08-2026,NIFTY 21600 PE 11 AUG 26,65
2026-08-07 13:20:00+05:30,0.4,0.4,0.35,0.4,3575,3024580,2026-08-11,21600.0,PE,NSE_FO|40880|11-08-2026,NIFTY 21600 PE 11 AUG 26,65
2026-08-07 13:25:00+05:30,0.4,0.4,0.35,0.35,3120,3022825,2026-08-11,21600.0,PE,NSE_FO|40880|11-08-2026,NIFTY 21600 PE 11 AUG 26,65
2026-08-07 13:30:00+05:30,0.35,0.4,0.35,0.4,13520,3022825,2026-08-11,21600.0,PE,NSE_FO|40880|11-08-2026,NIFTY 21600 PE 11 AUG 26,65
2026-08-07 13:35:00+05:30,0.4,0.4,0.35,0.4,10075,3022825,2026-08-11,21600.0,PE,NSE_FO|40880|11-08-2026,NIFTY 21600 PE 11 AUG 26,65
2026-08-07 13:40:00+05:30,0.4,0.4,0.4,0.4,6500,3021070,2026-08-11,21600.0,PE,NSE_FO|40880|11-08-2026,NIFTY 21600 PE 11 AUG 26,65
2026-08-07 13:45:00+05:30,0.4,0.4,0.35,0.35,13325,3019510,2026-08-11,21600.0,PE,NSE_FO|40880|11-08-2026,NIFTY 21600 PE 11 AUG 26,65
2026-08-07 13:50:00+05:30,0.35,0.4,0.35,0.4,29510,3020095,2026-08-11,21600.0,PE,NSE_FO|40880|11-08-2026,NIFTY 21600 PE 11 AUG 26,65
2026-08-07 13:55:00+05:30,0.4,0.4,0.35,0.4,2730,3011255,2026-08-11,21600.0,PE,NSE_FO|40880|11-08-2026,NIFTY 21600 PE 11 AUG 26,65
2026-08-07 14:00:00+05:30,0.35,0.35,0.35,0.35,130,3011255,2026-08-11,21600.0,PE,NSE_FO|40880|11-08-2026,NIFTY 21600 PE 11 AUG 26,65
2026-08-07 14:05:00+05:30,0.4,0.4,0.35,0.35,2080,3010215,2026-08-11,21600.0,PE,NSE_FO|40880|11-08-2026,NIFTY 21600 PE 11 AUG 26,65
2026-08-07 14:10:00+05:30,0.35,0.4,0.35,0.35,1170,3009695,2026-08-11,21600.0,PE,NSE_FO|40880|11-08-2026,NIFTY 21600 PE 11 AUG 26,65
2026-08-07 14:15:00+05:30,0.35,0.4,0.35,0.35,4225,3009305,2026-08-11,21600.0,PE,NSE_FO|40880|11-08-2026,NIFTY 21600 PE 11 AUG 26,65
2026-08-07 14:20:00+05:30,0.35,0.4,0.35,0.35,10205,3009955,2026-08-11,21600.0,PE,NSE_FO|40880|11-08-2026,NIFTY 21600 PE 11 AUG 26,65
2026-08-07 14:25:00+05:30,0.4,0.4,0.35,0.4,11050,3010930,2026-08-11,21600.0,PE,NSE_FO|40880|11-08-2026,NIFTY 21600 PE 11 AUG 26,65
2026-08-07 14:30:00+05:30,0.4,0.4,0.35,0.35,3380,3013725,2026-08-11,21600.0,PE,NSE_FO|40880|11-08-2026,NIFTY 21600 PE 11 AUG 26,65
2026-08-07 14:35:00+05:30,0.4,0.4,0.35,0.4,136500,2984670,2026-08-11,21600.0,PE,NSE_FO|40880|11-08-2026,NIFTY 21600 PE 11 AUG 26,65
2026-08-07 14:40:00+05:30,0.4,0.4,0.35,0.4,520,2979535,2026-08-11,21600.0,PE,NSE_FO|40880|11-08-2026,NIFTY 21600 PE 11 AUG 26,65
2026-08-07 14:45:00+05:30,0.4,0.4,0.35,0.4,2340,2979275,2026-08-11,21600.0,PE,NSE_FO|40880|11-08-2026,NIFTY 21600 PE 11 AUG 26,65
2026-08-07 14:50:00+05:30,0.4,0.4,0.35,0.35,33410,2960685,2026-08-11,21600.0,PE,NSE_FO|40880|11-08-2026,NIFTY 21600 PE 11 AUG 26,65
2026-08-07 14:55:00+05:30,0.4,0.4,0.35,0.35,11700,2941900,2026-08-11,21600.0,PE,NSE_FO|40880|11-08-2026,NIFTY 21600 PE 11 AUG 26,65
2026-08-07 15:00:00+05:30,0.35,0.35,0.3,0.35,586885,2913365,2026-08-11,21600.0,PE,NSE_FO|40880|11-08-2026,NIFTY 21600 PE 11 AUG 26,65
2026-08-07 15:05:00+05:30,0.35,0.35,0.3,0.3,232310,2911675,2026-08-11,21600.0,PE,NSE_FO|40880|11-08-2026,NIFTY 21600 PE 11 AUG 26,65
2026-08-07 15:10:00+05:30,0.3,0.35,0.3,0.35,46865,2909010,2026-08-11,21600.0,PE,NSE_FO|40880|11-08-2026,NIFTY 21600 PE 11 AUG 26,65
2026-08-07 15:15:00+05:30,0.35,0.35,0.3,0.3,29185,2906540,2026-08-11,21600.0,PE,NSE_FO|40880|11-08-2026,NIFTY 21600 PE 11 AUG 26,65
2026-08-07 15:20:00+05:30,0.3,0.35,0.3,0.3,47190,2904785,2026-08-11,21600.0,PE,NSE_FO|40880|11-08-2026,NIFTY 21600 PE 11 AUG 26,65
2026-08-07 15:25:00+05:30,0.3,0.35,0.3,0.3,256490,2907645,2026-08-11,21600.0,PE,NSE_FO|40880|11-08-2026,NIFTY 21600 PE 11 AUG 26,65
2026-08-07 15:30:00+05:30,0.35,0.35,0.3,0.3,689130,2940990,2026-08-11,21600.0,PE,NSE_FO|40880|11-08-2026,NIFTY 21600 PE 11 AUG 26,65
2026-08-07 15:35:00+05:30,0.3,0.35,0.3,0.3,263965,2902835,2026-08-11,21600.0,PE,NSE_FO|40880|11-08-2026,NIFTY 21600 PE 11 AUG 26,65
2026-08-10 09:15:00+05:30,0.35,0.35,0.25,0.25,430040,2861885,2026-08-11,21600.0,PE,NSE_FO|40880|11-08-2026,NIFTY 21600 PE 11 AUG 26,65
2026-08-10 09:20:00+05:30,0.3,0.3,0.25,0.3,113035,2882815,2026-08-11,21600.0,PE,NSE_FO|40880|11-08-2026,NIFTY 21600 PE 11 AUG 26,65
2026-08-10 09:25:00+05:30,0.3,0.3,0.25,0.3,79885,2925390,2026-08-11,21600.0,PE,NSE_FO|40880|11-08-2026,NIFTY 21600 PE 11 AUG 26,65
2026-08-10 09:30:00+05:30,0.3,0.3,0.25,0.3,29185,2919020,2026-08-11,21600.0,PE,NSE_FO|40880|11-08-2026,NIFTY 21600 PE 11 AUG 26,65
2026-08-10 09:35:00+05:30,0.3,0.3,0.25,0.25,17745,2907515,2026-08-11,21600.0,PE,NSE_FO|40880|11-08-2026,NIFTY 21600 PE 11 AUG 26,65
2026-08-10 09:40:00+05:30,0.25,0.3,0.25,0.3,27885,2885285,2026-08-11,21600.0,PE,NSE_FO|40880|11-08-2026,NIFTY 21600 PE 11 AUG 26,65
2026-08-10 09:45:00+05:30,0.3,0.3,0.25,0.3,10075,2885155,2026-08-11,21600.0,PE,NSE_FO|40880|11-08-2026,NIFTY 21600 PE 11 AUG 26,65
2026-08-10 09:50:00+05:30,0.25,0.25,0.2,0.2,765245,2833090,2026-08-11,21600.0,PE,NSE_FO|40880|11-08-2026,NIFTY 21600 PE 11 AUG 26,65
2026-08-10 09:55:00+05:30,0.2,0.25,0.2,0.2,1365,2833090,2026-08-11,21600.0,PE,NSE_FO|40880|11-08-2026,NIFTY 21600 PE 11 AUG 26,65
2026-08-10 10:00:00+05:30,0.25,0.25,0.2,0.25,6435,2830230,2026-08-11,21600.0,PE,NSE_FO|40880|11-08-2026,NIFTY 21600 PE 11 AUG 26,65
2026-08-10 10:05:00+05:30,0.25,0.25,0.2,0.25,3185,2830230,2026-08-11,21600.0,PE,NSE_FO|40880|11-08-2026,NIFTY 21600 PE 11 AUG 26,65
2026-08-10 10:10:00+05:30,0.2,0.25,0.2,0.2,3445,2830230,2026-08-11,21600.0,PE,NSE_FO|40880|11-08-2026,NIFTY 21600 PE 11 AUG 26,65
2026-08-10 10:15:00+05:30,0.25,0.25,0.2,0.2,1365,2830230,2026-08-11,21600.0,PE,NSE_FO|40880|11-08-2026,NIFTY 21600 PE 11 AUG 26,65
2026-08-10 10:20:00+05:30,0.25,0.3,0.2,0.25,473265,2814695,2026-08-11,21600.0,PE,NSE_FO|40880|11-08-2026,NIFTY 21600 PE 11 AUG 26,65
2026-08-10 10:25:00+05:30,0.25,0.3,0.25,0.3,41990,2796755,2026-08-11,21600.0,PE,NSE_FO|40880|11-08-2026,NIFTY 21600 PE 11 AUG 26,65
2026-08-10 10:30:00+05:30,0.3,0.3,0.25,0.3,148980,2886260,2026-08-11,21600.0,PE,NSE_FO|40880|11-08-2026,NIFTY 21600 PE 11 AUG 26,65
2026-08-10 10:35:00+05:30,0.3,0.3,0.25,0.3,45240,2897505,2026-08-11,21600.0,PE,NSE_FO|40880|11-08-2026,NIFTY 21600 PE 11 AUG 26,65
2026-08-10 10:40:00+05:30,0.3,0.3,0.25,0.3,33930,2894255,2026-08-11,21600.0,PE,NSE_FO|40880|11-08-2026,NIFTY 21600 PE 11 AUG 26,65
2026-08-10 10:45:00+05:30,0.3,0.3,0.25,0.25,11830,2890290,2026-08-11,21600.0,PE,NSE_FO|40880|11-08-2026,NIFTY 21600 PE 11 AUG 26,65
2026-08-10 10:50:00+05:30,0.25,0.3,0.2,0.25,317525,2746900,2026-08-11,21600.0,PE,NSE_FO|40880|11-08-2026,NIFTY 21600 PE 11 AUG 26,65
2026-08-10 10:55:00+05:30,0.25,0.25,0.2,0.25,63375,2746315,2026-08-11,21600.0,PE,NSE_FO|40880|11-08-2026,NIFTY 21600 PE 11 AUG 26,65
2026-08-10 11:00:00+05:30,0.25,0.3,0.2,0.25,235755,2781285,2026-08-11,21600.0,PE,NSE_FO|40880|11-08-2026,NIFTY 21600 PE 11 AUG 26,65
2026-08-10 11:05:00+05:30,0.3,0.3,0.25,0.25,21190,2772965,2026-08-11,21600.0,PE,NSE_FO|40880|11-08-2026,NIFTY 21600 PE 11 AUG 26,65
2026-08-10 11:10:00+05:30,0.25,0.3,0.25,0.3,19045,2747225,2026-08-11,21600.0,PE,NSE_FO|40880|11-08-2026,NIFTY 21600 PE 11 AUG 26,65
2026-08-10 11:15:00+05:30,0.3,0.3,0.25,0.25,37180,2735395,2026-08-11,21600.0,PE,NSE_FO|40880|11-08-2026,NIFTY 21600 PE 11 AUG 26,65
2026-08-10 11:20:00+05:30,0.3,0.3,0.25,0.3,2535,2735395,2026-08-11,21600.0,PE,NSE_FO|40880|11-08-2026,NIFTY 21600 PE 11 AUG 26,65
2026-08-10 11:25:00+05:30,0.25,0.3,0.25,0.25,13325,2732730,2026-08-11,21600.0,PE,NSE_FO|40880|11-08-2026,NIFTY 21600 PE 11 AUG 26,65
2026-08-10 11:30:00+05:30,0.3,0.3,0.2,0.2,90155,2727920,2026-08-11,21600.0,PE,NSE_FO|40880|11-08-2026,NIFTY 21600 PE 11 AUG 26,65
2026-08-10 11:35:00+05:30,0.2,0.25,0.2,0.25,5525,2726100,2026-08-11,21600.0,PE,NSE_FO|40880|11-08-2026,NIFTY 21600 PE 11 AUG 26,65
2026-08-10 11:40:00+05:30,0.25,0.25,0.2,0.25,17095,2722460,2026-08-11,21600.0,PE,NSE_FO|40880|11-08-2026,NIFTY 21600 PE 11 AUG 26,65
2026-08-10 11:45:00+05:30,0.25,0.25,0.2,0.2,1105,2723565,2026-08-11,21600.0,PE,NSE_FO|40880|11-08-2026,NIFTY 21600 PE 11 AUG 26,65
2026-08-10 11:50:00+05:30,0.2,0.25,0.2,0.25,780,2723565,2026-08-11,21600.0,PE,NSE_FO|40880|11-08-2026,NIFTY 21600 PE 11 AUG 26,65
2026-08-10 11:55:00+05:30,0.2,0.25,0.2,0.25,3965,2724020,2026-08-11,21600.0,PE,NSE_FO|40880|11-08-2026,NIFTY 21600 PE 11 AUG 26,65
2026-08-10 12:00:00+05:30,0.25,0.25,0.2,0.2,1040,2724735,2026-08-11,21600.0,PE,NSE_FO|40880|11-08-2026,NIFTY 21600 PE 11 AUG 26,65
2026-08-10 12:05:00+05:30,0.2,0.25,0.2,0.25,20540,2738385,2026-08-11,21600.0,PE,NSE_FO|40880|11-08-2026,NIFTY 21600 PE 11 AUG 26,65
2026-08-10 12:10:00+05:30,0.25,0.3,0.2,0.3,439270,2759315,2026-08-11,21600.0,PE,NSE_FO|40880|11-08-2026,NIFTY 21600 PE 11 AUG 26,65
2026-08-10 12:15:00+05:30,0.3,0.3,0.25,0.3,44265,2748330,2026-08-11,21600.0,PE,NSE_FO|40880|11-08-2026,NIFTY 21600 PE 11 AUG 26,65
2026-08-10 12:20:00+05:30,0.3,0.3,0.25,0.25,8060,2746250,2026-08-11,21600.0,PE,NSE_FO|40880|11-08-2026,NIFTY 21600 PE 11 AUG 26,65
2026-08-10 12:25:00+05:30,0.3,0.3,0.25,0.25,6955,2743195,2026-08-11,21600.0,PE,NSE_FO|40880|11-08-2026,NIFTY 21600 PE 11 AUG 26,65
2026-08-10 12:30:00+05:30,0.3,0.3,0.25,0.3,40235,2728960,2026-08-11,21600.0,PE,NSE_FO|40880|11-08-2026,NIFTY 21600 PE 11 AUG 26,65
2026-08-10 12:35:00+05:30,0.3,0.3,0.25,0.25,16510,2724345,2026-08-11,21600.0,PE,NSE_FO|40880|11-08-2026,NIFTY 21600 PE 11 AUG 26,65
2026-08-10 12:40:00+05:30,0.25,0.3,0.25,0.25,322335,2646020,2026-08-11,21600.0,PE,NSE_FO|40880|11-08-2026,NIFTY 21600 PE 11 AUG 26,65
2026-08-10 12:45:00+05:30,0.25,0.3,0.25,0.25,55120,2644915,2026-08-11,21600.0,PE,NSE_FO|40880|11-08-2026,NIFTY 21600 PE 11 AUG 26,65
2026-08-10 12:50:00+05:30,0.25,0.3,0.2,0.25,315120,2643810,2026-08-11,21600.0,PE,NSE_FO|40880|11-08-2026,NIFTY 21600 PE 11 AUG 26,65
2026-08-10 12:55:00+05:30,0.2,0.25,0.2,0.25,20670,2633150,2026-08-11,21600.0,PE,NSE_FO|40880|11-08-2026,NIFTY 21600 PE 11 AUG 26,65
2026-08-10 13:00:00+05:30,0.25,0.25,0.2,0.25,4420,2626650,2026-08-11,21600.0,PE,NSE_FO|40880|11-08-2026,NIFTY 21600 PE 11 AUG 26,65
2026-08-10 13:05:00+05:30,0.2,0.25,0.2,0.25,44655,2617875,2026-08-11,21600.0,PE,NSE_FO|40880|11-08-2026,NIFTY 21600 PE 11 AUG 26,65
2026-08-10 13:10:00+05:30,0.25,0.25,0.2,0.25,1300,2617875,2026-08-11,21600.0,PE,NSE_FO|40880|11-08-2026,NIFTY 21600 PE 11 AUG 26,65
2026-08-10 13:15:00+05:30,0.2,0.25,0.2,0.25,390,2617875,2026-08-11,21600.0,PE,NSE_FO|40880|11-08-2026,NIFTY 21600 PE 11 AUG 26,65
2026-08-10 13:20:00+05:30,0.25,0.25,0.2,0.2,2730,2616575,2026-08-11,21600.0,PE,NSE_FO|40880|11-08-2026,NIFTY 21600 PE 11 AUG 26,65
2026-08-10 13:25:00+05:30,0.25,0.25,0.2,0.2,21515,2607800,2026-08-11,21600.0,PE,NSE_FO|40880|11-08-2026,NIFTY 21600 PE 11 AUG 26,65
2026-08-10 13:30:00+05:30,0.25,0.25,0.2,0.2,2210,2607800,2026-08-11,21600.0,PE,NSE_FO|40880|11-08-2026,NIFTY 21600 PE 11 AUG 26,65
2026-08-10 13:35:00+05:30,0.2,0.25,0.2,0.25,7410,2605525,2026-08-11,21600.0,PE,NSE_FO|40880|11-08-2026,NIFTY 21600 PE 11 AUG 26,65
2026-08-10 13:40:00+05:30,0.25,0.25,0.2,0.25,14950,2605525,2026-08-11,21600.0,PE,NSE_FO|40880|11-08-2026,NIFTY 21600 PE 11 AUG 26,65
2026-08-10 13:45:00+05:30,0.25,0.3,0.2,0.2,415805,2598895,2026-08-11,21600.0,PE,NSE_FO|40880|11-08-2026,NIFTY 21600 PE 11 AUG 26,65
2026-08-10 13:50:00+05:30,0.2,0.25,0.2,0.25,10790,2589730,2026-08-11,21600.0,PE,NSE_FO|40880|11-08-2026,NIFTY 21600 PE 11 AUG 26,65
2026-08-10 13:55:00+05:30,0.25,0.25,0.2,0.2,1690,2589730,2026-08-11,21600.0,PE,NSE_FO|40880|11-08-2026,NIFTY 21600 PE 11 AUG 26,65
2026-08-10 14:00:00+05:30,0.25,0.25,0.2,0.2,390,2589730,2026-08-11,21600.0,PE,NSE_FO|40880|11-08-2026,NIFTY 21600 PE 11 AUG 26,65
2026-08-10 14:05:00+05:30,0.25,0.25,0.2,0.2,11375,2587975,2026-08-11,21600.0,PE,NSE_FO|40880|11-08-2026,NIFTY 21600 PE 11 AUG 26,65
2026-08-10 14:10:00+05:30,0.25,0.25,0.2,0.2,12155,2587975,2026-08-11,21600.0,PE,NSE_FO|40880|11-08-2026,NIFTY 21600 PE 11 AUG 26,65
2026-08-10 14:15:00+05:30,0.2,0.25,0.2,0.25,18720,2586220,2026-08-11,21600.0,PE,NSE_FO|40880|11-08-2026,NIFTY 21600 PE 11 AUG 26,65
2026-08-10 14:20:00+05:30,0.2,0.25,0.2,0.2,3835,2586220,2026-08-11,21600.0,PE,NSE_FO|40880|11-08-2026,NIFTY 21600 PE 11 AUG 26,65
2026-08-10 14:25:00+05:30,0.2,0.25,0.2,0.2,2470,2585180,2026-08-11,21600.0,PE,NSE_FO|40880|11-08-2026,NIFTY 21600 PE 11 AUG 26,65
2026-08-10 14:30:00+05:30,0.25,0.25,0.2,0.2,48100,2575430,2026-08-11,21600.0,PE,NSE_FO|40880|11-08-2026,NIFTY 21600 PE 11 AUG 26,65
2026-08-10 14:35:00+05:30,0.2,0.25,0.2,0.2,94900,2554305,2026-08-11,21600.0,PE,NSE_FO|40880|11-08-2026,NIFTY 21600 PE 11 AUG 26,65
2026-08-10 14:40:00+05:30,0.2,0.25,0.2,0.2,435305,2553655,2026-08-11,21600.0,PE,NSE_FO|40880|11-08-2026,NIFTY 21600 PE 11 AUG 26,65
2026-08-10 14:45:00+05:30,0.2,0.25,0.2,0.25,24570,2542215,2026-08-11,21600.0,PE,NSE_FO|40880|11-08-2026,NIFTY 21600 PE 11 AUG 26,65
2026-08-10 14:50:00+05:30,0.2,0.25,0.15,0.15,138645,2521805,2026-08-11,21600.0,PE,NSE_FO|40880|11-08-2026,NIFTY 21600 PE 11 AUG 26,65
2026-08-10 14:55:00+05:30,0.15,0.2,0.15,0.2,38870,2492295,2026-08-11,21600.0,PE,NSE_FO|40880|11-08-2026,NIFTY 21600 PE 11 AUG 26,65
2026-08-10 15:00:00+05:30,0.15,0.2,0.15,0.2,54340,2455440,2026-08-11,21600.0,PE,NSE_FO|40880|11-08-2026,NIFTY 21600 PE 11 AUG 26,65
2026-08-10 15:05:00+05:30,0.15,0.2,0.15,0.15,49140,2428465,2026-08-11,21600.0,PE,NSE_FO|40880|11-08-2026,NIFTY 21600 PE 11 AUG 26,65
2026-08-10 15:10:00+05:30,0.15,0.2,0.15,0.15,283335,2392910,2026-08-11,21600.0,PE,NSE_FO|40880|11-08-2026,NIFTY 21600 PE 11 AUG 26,65
2026-08-10 15:15:00+05:30,0.15,0.2,0.15,0.2,258765,2377765,2026-08-11,21600.0,PE,NSE_FO|40880|11-08-2026,NIFTY 21600 PE 11 AUG 26,65
2026-08-10 15:20:00+05:30,0.15,0.2,0.15,0.15,108615,2415465,2026-08-11,21600.0,PE,NSE_FO|40880|11-08-2026,NIFTY 21600 PE 11 AUG 26,65
2026-08-10 15:25:00+05:30,0.15,0.2,0.15,0.15,40365,2420470,2026-08-11,21600.0,PE,NSE_FO|40880|11-08-2026,NIFTY 21600 PE 11 AUG 26,65
2026-08-10 15:30:00+05:30,0.15,0.2,0.15,0.2,12675,2414945,2026-08-11,21600.0,PE,NSE_FO|40880|11-08-2026,NIFTY 21600 PE 11 AUG 26,65
2026-08-10 15:35:00+05:30,0.2,0.2,0.15,0.2,193505,2329080,2026-08-11,21600.0,PE,NSE_FO|40880|11-08-2026,NIFTY 21600 PE 11 AUG 26,65
2026-08-11 09:15:00+05:30,0.2,0.2,0.15,0.15,448110,2311985,2026-08-11,21600.0,PE,NSE_FO|40880|11-08-2026,NIFTY 21600 PE 11 AUG 26,65
2026-08-11 09:20:00+05:30,0.15,0.2,0.1,0.15,386750,2412930,2026-08-11,21600.0,PE,NSE_FO|40880|11-08-2026,NIFTY 21600 PE 11 AUG 26,65
2026-08-11 09:25:00+05:30,0.15,0.15,0.1,0.15,25480,2419885,2026-08-11,21600.0,PE,NSE_FO|40880|11-08-2026,NIFTY 21600 PE 11 AUG 26,65
2026-08-11 09:30:00+05:30,0.1,0.15,0.1,0.1,293540,2419495,2026-08-11,21600.0,PE,NSE_FO|40880|11-08-2026,NIFTY 21600 PE 11 AUG 26,65
2026-08-11 09:35:00+05:30,0.1,0.15,0.1,0.1,59085,2421185,2026-08-11,21600.0,PE,NSE_FO|40880|11-08-2026,NIFTY 21600 PE 11 AUG 26,65
2026-08-11 09:40:00+05:30,0.1,0.15,0.1,0.1,13260,2417675,2026-08-11,21600.0,PE,NSE_FO|40880|11-08-2026,NIFTY 21600 PE 11 AUG 26,65
2026-08-11 09:45:00+05:30,0.15,0.15,0.1,0.15,37765,2385175,2026-08-11,21600.0,PE,NSE_FO|40880|11-08-2026,NIFTY 21600 PE 11 AUG 26,65
2026-08-11 09:50:00+05:30,0.15,0.15,0.1,0.1,5135,2382445,2026-08-11,21600.0,PE,NSE_FO|40880|11-08-2026,NIFTY 21600 PE 11 AUG 26,65
2026-08-11 09:55:00+05:30,0.1,0.15,0.1,0.1,88725,2342600,2026-08-11,21600.0,PE,NSE_FO|40880|11-08-2026,NIFTY 21600 PE 11 AUG 26,65
2026-08-11 10:00:00+05:30,0.15,0.15,0.1,0.1,71045,2341430,2026-08-11,21600.0,PE,NSE_FO|40880|11-08-2026,NIFTY 21600 PE 11 AUG 26,65
2026-08-11 10:05:00+05:30,0.1,0.15,0.1,0.1,178230,2341105,2026-08-11,21600.0,PE,NSE_FO|40880|11-08-2026,NIFTY 21600 PE 11 AUG 26,65
2026-08-11 10:10:00+05:30,0.1,0.15,0.1,0.1,77610,2340975,2026-08-11,21600.0,PE,NSE_FO|40880|11-08-2026,NIFTY 21600 PE 11 AUG 26,65
2026-08-11 10:15:00+05:30,0.1,0.15,0.1,0.15,108485,2340975,2026-08-11,21600.0,PE,NSE_FO|40880|11-08-2026,NIFTY 21600 PE 11 AUG 26,65
2026-08-11 10:20:00+05:30,0.15,0.15,0.05,0.05,379860,2287545,2026-08-11,21600.0,PE,NSE_FO|40880|11-08-2026,NIFTY 21600 PE 11 AUG 26,65
2026-08-11 10:25:00+05:30,0.1,0.1,0.1,0.1,4550,2290340,2026-08-11,21600.0,PE,NSE_FO|40880|11-08-2026,NIFTY 21600 PE 11 AUG 26,65
2026-08-11 10:30:00+05:30,0.1,0.1,0.05,0.05,143455,2300285,2026-08-11,21600.0,PE,NSE_FO|40880|11-08-2026,NIFTY 21600 PE 11 AUG 26,65
2026-08-11 10:35:00+05:30,0.1,0.1,0.05,0.05,313950,2277600,2026-08-11,21600.0,PE,NSE_FO|40880|11-08-2026,NIFTY 21600 PE 11 AUG 26,65
2026-08-11 10:40:00+05:30,0.05,0.1,0.05,0.05,100165,2219620,2026-08-11,21600.0,PE,NSE_FO|40880|11-08-2026,NIFTY 21600 PE 11 AUG 26,65
2026-08-11 10:45:00+05:30,0.05,0.05,0.05,0.05,2665,2219620,2026-08-11,21600.0,PE,NSE_FO|40880|11-08-2026,NIFTY 21600 PE 11 AUG 26,65
2026-08-11 10:50:00+05:30,0.05,0.1,0.05,0.05,4550,2219620,2026-08-11,21600.0,PE,NSE_FO|40880|11-08-2026,NIFTY 21600 PE 11 AUG 26,65
2026-08-11 10:55:00+05:30,0.05,0.1,0.05,0.05,13065,2219230,2026-08-11,21600.0,PE,NSE_FO|40880|11-08-2026,NIFTY 21600 PE 11 AUG 26,65
2026-08-11 11:00:00+05:30,0.05,0.1,0.05,0.05,6305,2219165,2026-08-11,21600.0,PE,NSE_FO|40880|11-08-2026,NIFTY 21600 PE 11 AUG 26,65
2026-08-11 11:05:00+05:30,0.05,0.1,0.05,0.05,94185,2219165,2026-08-11,21600.0,PE,NSE_FO|40880|11-08-2026,NIFTY 21600 PE 11 AUG 26,65
2026-08-11 11:10:00+05:30,0.05,0.05,0.05,0.05,8580,2210455,2026-08-11,21600.0,PE,NSE_FO|40880|11-08-2026,NIFTY 21600 PE 11 AUG 26,65
2026-08-11 11:15:00+05:30,0.05,0.05,0.05,0.05,2145,2210455,2026-08-11,21600.0,PE,NSE_FO|40880|11-08-2026,NIFTY 21600 PE 11 AUG 26,65
2026-08-11 11:20:00+05:30,0.05,0.05,0.05,0.05,12740,2204085,2026-08-11,21600.0,PE,NSE_FO|40880|11-08-2026,NIFTY 21600 PE 11 AUG 26,65
2026-08-11 11:25:00+05:30,0.05,0.05,0.05,0.05,4550,2202330,2026-08-11,21600.0,PE,NSE_FO|40880|11-08-2026,NIFTY 21600 PE 11 AUG 26,65
2026-08-11 11:30:00+05:30,0.05,0.05,0.05,0.05,1820,2202330,2026-08-11,21600.0,PE,NSE_FO|40880|11-08-2026,NIFTY 21600 PE 11 AUG 26,65
2026-08-11 11:35:00+05:30,0.05,0.05,0.05,0.05,7085,2201030,2026-08-11,21600.0,PE,NSE_FO|40880|11-08-2026,NIFTY 21600 PE 11 AUG 26,65
2026-08-11 11:40:00+05:30,0.05,0.05,0.05,0.05,910,2201030,2026-08-11,21600.0,PE,NSE_FO|40880|11-08-2026,NIFTY 21600 PE 11 AUG 26,65
2026-08-11 11:45:00+05:30,0.05,0.05,0.05,0.05,10140,2201030,2026-08-11,21600.0,PE,NSE_FO|40880|11-08-2026,NIFTY 21600 PE 11 AUG 26,65
2026-08-11 11:50:00+05:30,0.05,0.05,0.05,0.05,1885,2201030,2026-08-11,21600.0,PE,NSE_FO|40880|11-08-2026,NIFTY 21600 PE 11 AUG 26,65
2026-08-11 11:55:00+05:30,0.05,0.05,0.05,0.05,7670,2201030,2026-08-11,21600.0,PE,NSE_FO|40880|11-08-2026,NIFTY 21600 PE 11 AUG 26,65
2026-08-11 12:00:00+05:30,0.05,0.05,0.05,0.05,130,2201030,2026-08-11,21600.0,PE,NSE_FO|40880|11-08-2026,NIFTY 21600 PE 11 AUG 26,65
2026-08-11 12:05:00+05:30,0.05,0.05,0.05,0.05,65,2201030,2026-08-11,21600.0,PE,NSE_FO|40880|11-08-2026,NIFTY 21600 PE 11 AUG 26,65
2026-08-11 12:10:00+05:30,0.05,0.05,0.05,0.05,4095,2197910,2026-08-11,21600.0,PE,NSE_FO|40880|11-08-2026,NIFTY 21600 PE 11 AUG 26,65
2026-08-11 12:15:00+05:30,0.05,0.05,0.05,0.05,1040,2197910,2026-08-11,21600.0,PE,NSE_FO|40880|11-08-2026,NIFTY 21600 PE 11 AUG 26,65
2026-08-11 12:20:00+05:30,0.05,0.05,0.05,0.05,713440,2197910,2026-08-11,21600.0,PE,NSE_FO|40880|11-08-2026,NIFTY 21600 PE 11 AUG 26,65
2026-08-11 12:25:00+05:30,0.05,0.05,0.05,0.05,0,2197910,2026-08-11,21600.0,PE,NSE_FO|40880|11-08-2026,NIFTY 21600 PE 11 AUG 26,65
2026-08-11 12:30:00+05:30,0.05,0.05,0.05,0.05,0,2197910,2026-08-11,21600.0,PE,NSE_FO|40880|11-08-2026,NIFTY 21600 PE 11 AUG 26,65
2026-08-11 12:35:00+05:30,0.05,0.05,0.05,0.05,0,2197910,2026-08-11,21600.0,PE,NSE_FO|40880|11-08-2026,NIFTY 21600 PE 11 AUG 26,65
2026-08-11 12:40:00+05:30,0.05,0.05,0.05,0.05,130,1497210,2026-08-11,21600.0,PE,NSE_FO|40880|11-08-2026,NIFTY 21600 PE 11 AUG 26,65
2026-08-11 12:45:00+05:30,0.05,0.05,0.05,0.05,36010,1461720,2026-08-11,21600.0,PE,NSE_FO|40880|11-08-2026,NIFTY 21600 PE 11 AUG 26,65
2026-08-11 12:50:00+05:30,0.05,0.05,0.05,0.05,1820,1461200,2026-08-11,21600.0,PE,NSE_FO|40880|11-08-2026,NIFTY 21600 PE 11 AUG 26,65
2026-08-11 12:55:00+05:30,0.05,0.05,0.05,0.05,75205,1459445,2026-08-11,21600.0,PE,NSE_FO|40880|11-08-2026,NIFTY 21600 PE 11 AUG 26,65
2026-08-11 13:00:00+05:30,0.05,0.05,0.05,0.05,4485,1457885,2026-08-11,21600.0,PE,NSE_FO|40880|11-08-2026,NIFTY 21600 PE 11 AUG 26,65
2026-08-11 13:05:00+05:30,0.05,0.05,0.05,0.05,0,1457885,2026-08-11,21600.0,PE,NSE_FO|40880|11-08-2026,NIFTY 21600 PE 11 AUG 26,65
2026-08-11 13:10:00+05:30,0.05,0.05,0.05,0.05,2015,1453335,2026-08-11,21600.0,PE,NSE_FO|40880|11-08-2026,NIFTY 21600 PE 11 AUG 26,65
2026-08-11 13:15:00+05:30,0.05,0.05,0.05,0.05,260,1453335,2026-08-11,21600.0,PE,NSE_FO|40880|11-08-2026,NIFTY 21600 PE 11 AUG 26,65
2026-08-11 13:20:00+05:30,0.05,0.05,0.05,0.05,0,1453335,2026-08-11,21600.0,PE,NSE_FO|40880|11-08-2026,NIFTY 21600 PE 11 AUG 26,65
2026-08-11 13:25:00+05:30,0.05,0.05,0.05,0.05,130,1453335,2026-08-11,21600.0,PE,NSE_FO|40880|11-08-2026,NIFTY 21600 PE 11 AUG 26,65
2026-08-11 13:30:00+05:30,0.05,0.05,0.05,0.05,0,1453335,2026-08-11,21600.0,PE,NSE_FO|40880|11-08-2026,NIFTY 21600 PE 11 AUG 26,65
2026-08-11 13:35:00+05:30,0.05,0.05,0.05,0.05,10855,1448070,2026-08-11,21600.0,PE,NSE_FO|40880|11-08-2026,NIFTY 21600 PE 11 AUG 26,65
2026-08-11 13:40:00+05:30,0.05,0.05,0.05,0.05,65,1444560,2026-08-11,21600.0,PE,NSE_FO|40880|11-08-2026,NIFTY 21600 PE 11 AUG 26,65
2026-08-11 13:45:00+05:30,0.05,0.05,0.05,0.05,8775,1444560,2026-08-11,21600.0,PE,NSE_FO|40880|11-08-2026,NIFTY 21600 PE 11 AUG 26,65
2026-08-11 13:50:00+05:30,0.05,0.05,0.05,0.05,1170,1435785,2026-08-11,21600.0,PE,NSE_FO|40880|11-08-2026,NIFTY 21600 PE 11 AUG 26,65
2026-08-11 13:55:00+05:30,0.05,0.05,0.05,0.05,4550,1432275,2026-08-11,21600.0,PE,NSE_FO|40880|11-08-2026,NIFTY 21600 PE 11 AUG 26,65
2026-08-11 14:00:00+05:30,0.05,0.05,0.05,0.05,2015,1432275,2026-08-11,21600.0,PE,NSE_FO|40880|11-08-2026,NIFTY 21600 PE 11 AUG 26,65
2026-08-11 14:05:00+05:30,0.05,0.05,0.05,0.05,1300,1431365,2026-08-11,21600.0,PE,NSE_FO|40880|11-08-2026,NIFTY 21600 PE 11 AUG 26,65
2026-08-11 14:10:00+05:30,0.05,0.05,0.05,0.05,65,1431040,2026-08-11,21600.0,PE,NSE_FO|40880|11-08-2026,NIFTY 21600 PE 11 AUG 26,65
2026-08-11 14:15:00+05:30,0.05,0.05,0.05,0.05,650,1431040,2026-08-11,21600.0,PE,NSE_FO|40880|11-08-2026,NIFTY 21600 PE 11 AUG 26,65
2026-08-11 14:20:00+05:30,0.05,0.05,0.05,0.05,715,1431040,2026-08-11,21600.0,PE,NSE_FO|40880|11-08-2026,NIFTY 21600 PE 11 AUG 26,65
2026-08-11 14:25:00+05:30,0.05,0.05,0.05,0.05,2210,1431040,2026-08-11,21600.0,PE,NSE_FO|40880|11-08-2026,NIFTY 21600 PE 11 AUG 26,65
2026-08-11 14:30:00+05:30,0.05,0.05,0.05,0.05,1560,1431040,2026-08-11,21600.0,PE,NSE_FO|40880|11-08-2026,NIFTY 21600 PE 11 AUG 26,65
2026-08-11 14:35:00+05:30,0.05,0.05,0.05,0.05,65,1431040,2026-08-11,21600.0,PE,NSE_FO|40880|11-08-2026,NIFTY 21600 PE 11 AUG 26,65
2026-08-11 14:40:00+05:30,0.05,0.05,0.05,0.05,2470,1431040,2026-08-11,21600.0,PE,NSE_FO|40880|11-08-2026,NIFTY 21600 PE 11 AUG 26,65
2026-08-11 14:45:00+05:30,0.05,0.05,0.05,0.05,12480,1429935,2026-08-11,21600.0,PE,NSE_FO|40880|11-08-2026,NIFTY 21600 PE 11 AUG 26,65
2026-08-11 14:50:00+05:30,0.05,0.05,0.05,0.05,65,1427530,2026-08-11,21600.0,PE,NSE_FO|40880|11-08-2026,NIFTY 21600 PE 11 AUG 26,65
2026-08-11 14:55:00+05:30,0.05,0.05,0.05,0.05,585,1427530,2026-08-11,21600.0,PE,NSE_FO|40880|11-08-2026,NIFTY 21600 PE 11 AUG 26,65
2026-08-11 15:00:00+05:30,0.05,0.05,0.05,0.05,10725,1427530,2026-08-11,21600.0,PE,NSE_FO|40880|11-08-2026,NIFTY 21600 PE 11 AUG 26,65
2026-08-11 15:05:00+05:30,0.05,0.05,0.05,0.05,65,1427530,2026-08-11,21600.0,PE,NSE_FO|40880|11-08-2026,NIFTY 21600 PE 11 AUG 26,65
2026-08-11 15:10:00+05:30,0.05,0.05,0.05,0.05,1950,1427530,2026-08-11,21600.0,PE,NSE_FO|40880|11-08-2026,NIFTY 21600 PE 11 AUG 26,65
2026-08-11 15:15:00+05:30,0.05,0.05,0.05,0.05,6825,1425840,2026-08-11,21600.0,PE,NSE_FO|40880|11-08-2026,NIFTY 21600 PE 11 AUG 26,65
2026-08-11 15:20:00+05:30,0.05,0.05,0.05,0.05,6370,1425840,2026-08-11,21600.0,PE,NSE_FO|40880|11-08-2026,NIFTY 21600 PE 11 AUG 26,65
2026-08-11 15:25:00+05:30,0.05,0.05,0.05,0.05,7540,1424085,2026-08-11,21600.0,PE,NSE_FO|40880|11-08-2026,NIFTY 21600 PE 11 AUG 26,65
2026-08-11 15:30:00+05:30,0.05,0.05,0.05,0.05,0,1424085,2026-08-11,21600.0,PE,NSE_FO|40880|11-08-2026,NIFTY 21600 PE 11 AUG 26,65
2026-08-11 15:35:00+05:30,0.05,0.05,0.05,0.05,0,1424085,2026-08-11,21600.0,PE,NSE_FO|40880|11-08-2026,NIFTY 21600 PE 11 AUG 26,65
