expiry,instrument_key,trading_symbol,strike,option_type,lot_size,tick_size,underlying_key,weekly
2026-08-11,NSE_FO|40879|11-08-2026,NIFTY 21600 CE 11 AUG 26,21600.0,CE,65,5.0,NSE_INDEX|Nifty 50,True
2026-08-11,NSE_FO|40880|11-08-2026,NIFTY 21600 PE 11 AUG 26,21600.0,PE,65,5.0,NSE_INDEX|Nifty 50,True
2026-08-11,NSE_FO|40885|11-08-2026,NIFTY 21650 CE 11 AUG 26,21650.0,CE,65,5.0,NSE_INDEX|Nifty 50,True
2026-08-11,NSE_FO|40886|11-08-2026,NIFTY 21650 PE 11 AUG 26,21650.0,PE,65,5.0,NSE_INDEX|Nifty 50,True
2026-08-11,NSE_FO|40889|11-08-2026,NIFTY 21700 CE 11 AUG 26,21700.0,CE,65,5.0,NSE_INDEX|Nifty 50,True
2026-08-11,NSE_FO|40890|11-08-2026,NIFTY 21700 PE 11 AUG 26,21700.0,PE,65,5.0,NSE_INDEX|Nifty 50,True
2026-08-11,NSE_FO|40891|11-08-2026,NIFTY 21750 CE 11 AUG 26,21750.0,CE,65,5.0,NSE_INDEX|Nifty 50,True
2026-08-11,NSE_FO|40892|11-08-2026,NIFTY 21750 PE 11 AUG 26,21750.0,PE,65,5.0,NSE_INDEX|Nifty 50,True
2026-08-11,NSE_FO|40893|11-08-2026,NIFTY 21800 CE 11 AUG 26,21800.0,CE,65,5.0,NSE_INDEX|Nifty 50,True
2026-08-11,NSE_FO|40894|11-08-2026,NIFTY 21800 PE 11 AUG 26,21800.0,PE,65,5.0,NSE_INDEX|Nifty 50,True
2026-08-11,NSE_FO|40897|11-08-2026,NIFTY 21850 CE 11 AUG 26,21850.0,CE,65,5.0,NSE_INDEX|Nifty 50,True
2026-08-11,NSE_FO|40902|11-08-2026,NIFTY 21850 PE 11 AUG 26,21850.0,PE,65,5.0,NSE_INDEX|Nifty 50,True
2026-08-11,NSE_FO|40903|11-08-2026,NIFTY 21900 CE 11 AUG 26,21900.0,CE,65,5.0,NSE_INDEX|Nifty 50,True
2026-08-11,NSE_FO|40904|11-08-2026,NIFTY 21900 PE 11 AUG 26,21900.0,PE,65,5.0,NSE_INDEX|Nifty 50,True
2026-08-11,NSE_FO|40905|11-08-2026,NIFTY 21950 CE 11 AUG 26,21950.0,CE,65,5.0,NSE_INDEX|Nifty 50,True
2026-08-11,NSE_FO|40906|11-08-2026,NIFTY 21950 PE 11 AUG 26,21950.0,PE,65,5.0,NSE_INDEX|Nifty 50,True
2026-08-11,NSE_FO|40907|11-08-2026,NIFTY 22000 CE 11 AUG 26,22000.0,CE,65,5.0,NSE_INDEX|Nifty 50,True
2026-08-11,NSE_FO|40908|11-08-2026,NIFTY 22000 PE 11 AUG 26,22000.0,PE,65,5.0,NSE_INDEX|Nifty 50,True
2026-08-11,NSE_FO|40909|11-08-2026,NIFTY 22050 CE 11 AUG 26,22050.0,CE,65,5.0,NSE_INDEX|Nifty 50,True
2026-08-11,NSE_FO|40910|11-08-2026,NIFTY 22050 PE 11 AUG 26,22050.0,PE,65,5.0,NSE_INDEX|Nifty 50,True
2026-08-11,NSE_FO|40911|11-08-2026,NIFTY 22100 CE 11 AUG 26,22100.0,CE,65,5.0,NSE_INDEX|Nifty 50,True
2026-08-11,NSE_FO|40912|11-08-2026,NIFTY 22100 PE 11 AUG 26,22100.0,PE,65,5.0,NSE_INDEX|Nifty 50,True
2026-08-11,NSE_FO|40913|11-08-2026,NIFTY 22150 CE 11 AUG 26,22150.0,CE,65,5.0,NSE_INDEX|Nifty 50,True
2026-08-11,NSE_FO|40914|11-08-2026,NIFTY 22150 PE 11 AUG 26,22150.0,PE,65,5.0,NSE_INDEX|Nifty 50,True
2026-08-11,NSE_FO|40915|11-08-2026,NIFTY 22200 CE 11 AUG 26,22200.0,CE,65,5.0,NSE_INDEX|Nifty 50,True
2026-08-11,NSE_FO|40916|11-08-2026,NIFTY 22200 PE 11 AUG 26,22200.0,PE,65,5.0,NSE_INDEX|Nifty 50,True
2026-08-11,NSE_FO|40917|11-08-2026,NIFTY 22250 CE 11 AUG 26,22250.0,CE,65,5.0,NSE_INDEX|Nifty 50,True
2026-08-11,NSE_FO|40918|11-08-2026,NIFTY 22250 PE 11 AUG 26,22250.0,PE,65,5.0,NSE_INDEX|Nifty 50,True
2026-08-11,NSE_FO|40919|11-08-2026,NIFTY 22300 CE 11 AUG 26,22300.0,CE,65,5.0,NSE_INDEX|Nifty 50,True
2026-08-11,NSE_FO|40920|11-08-2026,NIFTY 22300 PE 11 AUG 26,22300.0,PE,65,5.0,NSE_INDEX|Nifty 50,True
2026-08-11,NSE_FO|40921|11-08-2026,NIFTY 22350 CE 11 AUG 26,22350.0,CE,65,5.0,NSE_INDEX|Nifty 50,True
2026-08-11,NSE_FO|40922|11-08-2026,NIFTY 22350 PE 11 AUG 26,22350.0,PE,65,5.0,NSE_INDEX|Nifty 50,True
2026-08-11,NSE_FO|40923|11-08-2026,NIFTY 22400 CE 11 AUG 26,22400.0,CE,65,5.0,NSE_INDEX|Nifty 50,True
2026-08-11,NSE_FO|40925|11-08-2026,NIFTY 22400 PE 11 AUG 26,22400.0,PE,65,5.0,NSE_INDEX|Nifty 50,True
2026-08-11,NSE_FO|40926|11-08-2026,NIFTY 22450 CE 11 AUG 26,22450.0,CE,65,5.0,NSE_INDEX|Nifty 50,True
2026-08-11,NSE_FO|40927|11-08-2026,NIFTY 22450 PE 11 AUG 26,22450.0,PE,65,5.0,NSE_INDEX|Nifty 50,True
2026-08-11,NSE_FO|40929|11-08-2026,NIFTY 22500 CE 11 AUG 26,22500.0,CE,65,5.0,NSE_INDEX|Nifty 50,True
2026-08-11,NSE_FO|40930|11-08-2026,NIFTY 22500 PE 11 AUG 26,22500.0,PE,65,5.0,NSE_INDEX|Nifty 50,True
2026-08-11,NSE_FO|40931|11-08-2026,NIFTY 22550 CE 11 AUG 26,22550.0,CE,65,5.0,NSE_INDEX|Nifty 50,True
2026-08-11,NSE_FO|40932|11-08-2026,NIFTY 22550 PE 11 AUG 26,22550.0,PE,65,5.0,NSE_INDEX|Nifty 50,True
2026-08-11,NSE_FO|40933|11-08-2026,NIFTY 22600 CE 11 AUG 26,22600.0,CE,65,5.0,NSE_INDEX|Nifty 50,True
2026-08-11,NSE_FO|40934|11-08-2026,NIFTY 22600 PE 11 AUG 26,22600.0,PE,65,5.0,NSE_INDEX|Nifty 50,True
2026-08-11,NSE_FO|40935|11-08-2026,NIFTY 22650 CE 11 AUG 26,22650.0,CE,65,5.0,NSE_INDEX|Nifty 50,True
2026-08-11,NSE_FO|40936|11-08-2026,NIFTY 22650 PE 11 AUG 26,22650.0,PE,65,5.0,NSE_INDEX|Nifty 50,True
2026-08-11,NSE_FO|40937|11-08-2026,NIFTY 22700 CE 11 AUG 26,22700.0,CE,65,5.0,NSE_INDEX|Nifty 50,True
2026-08-11,NSE_FO|40938|11-08-2026,NIFTY 22700 PE 11 AUG 26,22700.0,PE,65,5.0,NSE_INDEX|Nifty 50,True
2026-08-11,NSE_FO|40939|11-08-2026,NIFTY 22750 CE 11 AUG 26,22750.0,CE,65,5.0,NSE_INDEX|Nifty 50,True
2026-08-11,NSE_FO|40940|11-08-2026,NIFTY 22750 PE 11 AUG 26,22750.0,PE,65,5.0,NSE_INDEX|Nifty 50,True
2026-08-11,NSE_FO|40941|11-08-2026,NIFTY 22800 CE 11 AUG 26,22800.0,CE,65,5.0,NSE_INDEX|Nifty 50,True
2026-08-11,NSE_FO|40942|11-08-2026,NIFTY 22800 PE 11 AUG 26,22800.0,PE,65,5.0,NSE_INDEX|Nifty 50,True
2026-08-11,NSE_FO|40943|11-08-2026,NIFTY 22850 CE 11 AUG 26,22850.0,CE,65,5.0,NSE_INDEX|Nifty 50,True
2026-08-11,NSE_FO|40944|11-08-2026,NIFTY 22850 PE 11 AUG 26,22850.0,PE,65,5.0,NSE_INDEX|Nifty 50,True
2026-08-11,NSE_FO|40945|11-08-2026,NIFTY 22900 CE 11 AUG 26,22900.0,CE,65,5.0,NSE_INDEX|Nifty 50,True
2026-08-11,NSE_FO|40946|11-08-2026,NIFTY 22900 PE 11 AUG 26,22900.0,PE,65,5.0,NSE_INDEX|Nifty 50,True
2026-08-11,NSE_FO|40947|11-08-2026,NIFTY 22950 CE 11 AUG 26,22950.0,CE,65,5.0,NSE_INDEX|Nifty 50,True
2026-08-11,NSE_FO|40948|11-08-2026,NIFTY 22950 PE 11 AUG 26,22950.0,PE,65,5.0,NSE_INDEX|Nifty 50,True
2026-08-11,NSE_FO|40949|11-08-2026,NIFTY 23000 CE 11 AUG 26,23000.0,CE,65,5.0,NSE_INDEX|Nifty 50,True
2026-08-11,NSE_FO|40950|11-08-2026,NIFTY 23000 PE 11 AUG 26,23000.0,PE,65,5.0,NSE_INDEX|Nifty 50,True
2026-08-11,NSE_FO|40951|11-08-2026,NIFTY 23050 CE 11 AUG 26,23050.0,CE,65,5.0,NSE_INDEX|Nifty 50,True
2026-08-11,NSE_FO|40952|11-08-2026,NIFTY 23050 PE 11 AUG 26,23050.0,PE,65,5.0,NSE_INDEX|Nifty 50,True
2026-08-11,NSE_FO|40953|11-08-2026,NIFTY 23100 CE 11 AUG 26,23100.0,CE,65,5.0,NSE_INDEX|Nifty 50,True
2026-08-11,NSE_FO|40954|11-08-2026,NIFTY 23100 PE 11 AUG 26,23100.0,PE,65,5.0,NSE_INDEX|Nifty 50,True
2026-08-11,NSE_FO|40955|11-08-2026,NIFTY 23150 CE 11 AUG 26,23150.0,CE,65,5.0,NSE_INDEX|Nifty 50,True
2026-08-11,NSE_FO|40956|11-08-2026,NIFTY 23150 PE 11 AUG 26,23150.0,PE,65,5.0,NSE_INDEX|Nifty 50,True
2026-08-11,NSE_FO|40957|11-08-2026,NIFTY 23200 CE 11 AUG 26,23200.0,CE,65,5.0,NSE_INDEX|Nifty 50,True
2026-08-11,NSE_FO|40958|11-08-2026,NIFTY 23200 PE 11 AUG 26,23200.0,PE,65,5.0,NSE_INDEX|Nifty 50,True
2026-08-11,NSE_FO|40959|11-08-2026,NIFTY 23250 CE 11 AUG 26,23250.0,CE,65,5.0,NSE_INDEX|Nifty 50,True
2026-08-11,NSE_FO|40960|11-08-2026,NIFTY 23250 PE 11 AUG 26,23250.0,PE,65,5.0,NSE_INDEX|Nifty 50,True
2026-08-11,NSE_FO|40961|11-08-2026,NIFTY 23300 CE 11 AUG 26,23300.0,CE,65,5.0,NSE_INDEX|Nifty 50,True
2026-08-11,NSE_FO|40962|11-08-2026,NIFTY 23300 PE 11 AUG 26,23300.0,PE,65,5.0,NSE_INDEX|Nifty 50,True
2026-08-11,NSE_FO|40963|11-08-2026,NIFTY 23350 CE 11 AUG 26,23350.0,CE,65,5.0,NSE_INDEX|Nifty 50,True
2026-08-11,NSE_FO|40964|11-08-2026,NIFTY 23350 PE 11 AUG 26,23350.0,PE,65,5.0,NSE_INDEX|Nifty 50,True
2026-08-11,NSE_FO|40965|11-08-2026,NIFTY 23400 CE 11 AUG 26,23400.0,CE,65,5.0,NSE_INDEX|Nifty 50,True
2026-08-11,NSE_FO|40966|11-08-2026,NIFTY 23400 PE 11 AUG 26,23400.0,PE,65,5.0,NSE_INDEX|Nifty 50,True
2026-08-11,NSE_FO|40967|11-08-2026,NIFTY 23450 CE 11 AUG 26,23450.0,CE,65,5.0,NSE_INDEX|Nifty 50,True
2026-08-11,NSE_FO|40968|11-08-2026,NIFTY 23450 PE 11 AUG 26,23450.0,PE,65,5.0,NSE_INDEX|Nifty 50,True
2026-08-11,NSE_FO|40969|11-08-2026,NIFTY 23500 CE 11 AUG 26,23500.0,CE,65,5.0,NSE_INDEX|Nifty 50,True
2026-08-11,NSE_FO|40970|11-08-2026,NIFTY 23500 PE 11 AUG 26,23500.0,PE,65,5.0,NSE_INDEX|Nifty 50,True
2026-08-11,NSE_FO|40971|11-08-2026,NIFTY 23550 CE 11 AUG 26,23550.0,CE,65,5.0,NSE_INDEX|Nifty 50,True
2026-08-11,NSE_FO|40972|11-08-2026,NIFTY 23550 PE 11 AUG 26,23550.0,PE,65,5.0,NSE_INDEX|Nifty 50,True
2026-08-11,NSE_FO|40973|11-08-2026,NIFTY 23600 CE 11 AUG 26,23600.0,CE,65,5.0,NSE_INDEX|Nifty 50,True
2026-08-11,NSE_FO|40974|11-08-2026,NIFTY 23600 PE 11 AUG 26,23600.0,PE,65,5.0,NSE_INDEX|Nifty 50,True
2026-08-11,NSE_FO|40975|11-08-2026,NIFTY 23650 CE 11 AUG 26,23650.0,CE,65,5.0,NSE_INDEX|Nifty 50,True
2026-08-11,NSE_FO|40976|11-08-2026,NIFTY 23650 PE 11 AUG 26,23650.0,PE,65,5.0,NSE_INDEX|Nifty 50,True
2026-08-11,NSE_FO|40977|11-08-2026,NIFTY 23700 CE 11 AUG 26,23700.0,CE,65,5.0,NSE_INDEX|Nifty 50,True
2026-08-11,NSE_FO|40978|11-08-2026,NIFTY 23700 PE 11 AUG 26,23700.0,PE,65,5.0,NSE_INDEX|Nifty 50,True
2026-08-11,NSE_FO|40979|11-08-2026,NIFTY 23750 CE 11 AUG 26,23750.0,CE,65,5.0,NSE_INDEX|Nifty 50,True
2026-08-11,NSE_FO|40982|11-08-2026,NIFTY 23750 PE 11 AUG 26,23750.0,PE,65,5.0,NSE_INDEX|Nifty 50,True
2026-08-11,NSE_FO|40983|11-08-2026,NIFTY 23800 CE 11 AUG 26,23800.0,CE,65,5.0,NSE_INDEX|Nifty 50,True
2026-08-11,NSE_FO|40984|11-08-2026,NIFTY 23800 PE 11 AUG 26,23800.0,PE,65,5.0,NSE_INDEX|Nifty 50,True
2026-08-11,NSE_FO|40985|11-08-2026,NIFTY 23850 CE 11 AUG 26,23850.0,CE,65,5.0,NSE_INDEX|Nifty 50,True
2026-08-11,NSE_FO|40986|11-08-2026,NIFTY 23850 PE 11 AUG 26,23850.0,PE,65,5.0,NSE_INDEX|Nifty 50,True
2026-08-11,NSE_FO|40987|11-08-2026,NIFTY 23900 CE 11 AUG 26,23900.0,CE,65,5.0,NSE_INDEX|Nifty 50,True
2026-08-11,NSE_FO|40988|11-08-2026,NIFTY 23900 PE 11 AUG 26,23900.0,PE,65,5.0,NSE_INDEX|Nifty 50,True
2026-08-11,NSE_FO|40989|11-08-2026,NIFTY 23950 CE 11 AUG 26,23950.0,CE,65,5.0,NSE_INDEX|Nifty 50,True
2026-08-11,NSE_FO|40990|11-08-2026,NIFTY 23950 PE 11 AUG 26,23950.0,PE,65,5.0,NSE_INDEX|Nifty 50,True
2026-08-11,NSE_FO|40991|11-08-2026,NIFTY 24000 CE 11 AUG 26,24000.0,CE,65,5.0,NSE_INDEX|Nifty 50,True
2026-08-11,NSE_FO|40992|11-08-2026,NIFTY 24000 PE 11 AUG 26,24000.0,PE,65,5.0,NSE_INDEX|Nifty 50,True
2026-08-11,NSE_FO|40993|11-08-2026,NIFTY 24050 CE 11 AUG 26,24050.0,CE,65,5.0,NSE_INDEX|Nifty 50,True
2026-08-11,NSE_FO|40994|11-08-2026,NIFTY 24050 PE 11 AUG 26,24050.0,PE,65,5.0,NSE_INDEX|Nifty 50,True
2026-08-11,NSE_FO|40995|11-08-2026,NIFTY 24100 CE 11 AUG 26,24100.0,CE,65,5.0,NSE_INDEX|Nifty 50,True
2026-08-11,NSE_FO|40996|11-08-2026,NIFTY 24100 PE 11 AUG 26,24100.0,PE,65,5.0,NSE_INDEX|Nifty 50,True
2026-08-11,NSE_FO|40997|11-08-2026,NIFTY 24150 CE 11 AUG 26,24150.0,CE,65,5.0,NSE_INDEX|Nifty 50,True
2026-08-11,NSE_FO|40998|11-08-2026,NIFTY 24150 PE 11 AUG 26,24150.0,PE,65,5.0,NSE_INDEX|Nifty 50,True
2026-08-11,NSE_FO|40999|11-08-2026,NIFTY 24200 CE 11 AUG 26,24200.0,CE,65,5.0,NSE_INDEX|Nifty 50,True
2026-08-11,NSE_FO|41000|11-08-2026,NIFTY 24200 PE 11 AUG 26,24200.0,PE,65,5.0,NSE_INDEX|Nifty 50,True
2026-08-11,NSE_FO|41001|11-08-2026,NIFTY 24250 CE 11 AUG 26,24250.0,CE,65,5.0,NSE_INDEX|Nifty 50,True
2026-08-11,NSE_FO|41002|11-08-2026,NIFTY 24250 PE 11 AUG 26,24250.0,PE,65,5.0,NSE_INDEX|Nifty 50,True
2026-08-11,NSE_FO|41003|11-08-2026,NIFTY 24300 CE 11 AUG 26,24300.0,CE,65,5.0,NSE_INDEX|Nifty 50,True
2026-08-11,NSE_FO|41004|11-08-2026,NIFTY 24300 PE 11 AUG 26,24300.0,PE,65,5.0,NSE_INDEX|Nifty 50,True
2026-08-11,NSE_FO|41005|11-08-2026,NIFTY 24350 CE 11 AUG 26,24350.0,CE,65,5.0,NSE_INDEX|Nifty 50,True
2026-08-11,NSE_FO|41006|11-08-2026,NIFTY 24350 PE 11 AUG 26,24350.0,PE,65,5.0,NSE_INDEX|Nifty 50,True
2026-08-11,NSE_FO|41007|11-08-2026,NIFTY 24400 CE 11 AUG 26,24400.0,CE,65,5.0,NSE_INDEX|Nifty 50,True
2026-08-11,NSE_FO|41008|11-08-2026,NIFTY 24400 PE 11 AUG 26,24400.0,PE,65,5.0,NSE_INDEX|Nifty 50,True
2026-08-11,NSE_FO|41009|11-08-2026,NIFTY 24450 CE 11 AUG 26,24450.0,CE,65,5.0,NSE_INDEX|Nifty 50,True
2026-08-11,NSE_FO|41010|11-08-2026,NIFTY 24450 PE 11 AUG 26,24450.0,PE,65,5.0,NSE_INDEX|Nifty 50,True
2026-08-11,NSE_FO|41011|11-08-2026,NIFTY 24500 CE 11 AUG 26,24500.0,CE,65,5.0,NSE_INDEX|Nifty 50,True
2026-08-11,NSE_FO|41012|11-08-2026,NIFTY 24500 PE 11 AUG 26,24500.0,PE,65,5.0,NSE_INDEX|Nifty 50,True
2026-08-11,NSE_FO|41013|11-08-2026,NIFTY 24550 CE 11 AUG 26,24550.0,CE,65,5.0,NSE_INDEX|Nifty 50,True
2026-08-11,NSE_FO|41014|11-08-2026,NIFTY 24550 PE 11 AUG 26,24550.0,PE,65,5.0,NSE_INDEX|Nifty 50,True
2026-08-11,NSE_FO|41015|11-08-2026,NIFTY 24600 CE 11 AUG 26,24600.0,CE,65,5.0,NSE_INDEX|Nifty 50,True
2026-08-11,NSE_FO|41016|11-08-2026,NIFTY 24600 PE 11 AUG 26,24600.0,PE,65,5.0,NSE_INDEX|Nifty 50,True
2026-08-11,NSE_FO|41017|11-08-2026,NIFTY 24650 CE 11 AUG 26,24650.0,CE,65,5.0,NSE_INDEX|Nifty 50,True
2026-08-11,NSE_FO|41019|11-08-2026,NIFTY 24650 PE 11 AUG 26,24650.0,PE,65,5.0,NSE_INDEX|Nifty 50,True
2026-08-11,NSE_FO|41020|11-08-2026,NIFTY 24700 CE 11 AUG 26,24700.0,CE,65,5.0,NSE_INDEX|Nifty 50,True
2026-08-11,NSE_FO|41024|11-08-2026,NIFTY 24700 PE 11 AUG 26,24700.0,PE,65,5.0,NSE_INDEX|Nifty 50,True
2026-08-11,NSE_FO|41025|11-08-2026,NIFTY 24750 CE 11 AUG 26,24750.0,CE,65,5.0,NSE_INDEX|Nifty 50,True
2026-08-11,NSE_FO|41026|11-08-2026,NIFTY 24750 PE 11 AUG 26,24750.0,PE,65,5.0,NSE_INDEX|Nifty 50,True
2026-08-11,NSE_FO|41027|11-08-2026,NIFTY 24800 CE 11 AUG 26,24800.0,CE,65,5.0,NSE_INDEX|Nifty 50,True
2026-08-11,NSE_FO|41028|11-08-2026,NIFTY 24800 PE 11 AUG 26,24800.0,PE,65,5.0,NSE_INDEX|Nifty 50,True
2026-08-11,NSE_FO|41029|11-08-2026,NIFTY 24850 CE 11 AUG 26,24850.0,CE,65,5.0,NSE_INDEX|Nifty 50,True
2026-08-11,NSE_FO|41030|11-08-2026,NIFTY 24850 PE 11 AUG 26,24850.0,PE,65,5.0,NSE_INDEX|Nifty 50,True
2026-08-11,NSE_FO|41031|11-08-2026,NIFTY 24900 CE 11 AUG 26,24900.0,CE,65,5.0,NSE_INDEX|Nifty 50,True
2026-08-11,NSE_FO|41032|11-08-2026,NIFTY 24900 PE 11 AUG 26,24900.0,PE,65,5.0,NSE_INDEX|Nifty 50,True
2026-08-11,NSE_FO|41033|11-08-2026,NIFTY 24950 CE 11 AUG 26,24950.0,CE,65,5.0,NSE_INDEX|Nifty 50,True
2026-08-11,NSE_FO|41036|11-08-2026,NIFTY 24950 PE 11 AUG 26,24950.0,PE,65,5.0,NSE_INDEX|Nifty 50,True
2026-08-11,NSE_FO|41037|11-08-2026,NIFTY 25000 CE 11 AUG 26,25000.0,CE,65,5.0,NSE_INDEX|Nifty 50,True
2026-08-11,NSE_FO|41038|11-08-2026,NIFTY 25000 PE 11 AUG 26,25000.0,PE,65,5.0,NSE_INDEX|Nifty 50,True
2026-08-11,NSE_FO|41039|11-08-2026,NIFTY 25050 CE 11 AUG 26,25050.0,CE,65,5.0,NSE_INDEX|Nifty 50,True
2026-08-11,NSE_FO|41040|11-08-2026,NIFTY 25050 PE 11 AUG 26,25050.0,PE,65,5.0,NSE_INDEX|Nifty 50,True
2026-08-11,NSE_FO|41041|11-08-2026,NIFTY 25100 CE 11 AUG 26,25100.0,CE,65,5.0,NSE_INDEX|Nifty 50,True
2026-08-11,NSE_FO|41042|11-08-2026,NIFTY 25100 PE 11 AUG 26,25100.0,PE,65,5.0,NSE_INDEX|Nifty 50,True
2026-08-11,NSE_FO|41043|11-08-2026,NIFTY 25150 CE 11 AUG 26,25150.0,CE,65,5.0,NSE_INDEX|Nifty 50,True
2026-08-11,NSE_FO|41044|11-08-2026,NIFTY 25150 PE 11 AUG 26,25150.0,PE,65,5.0,NSE_INDEX|Nifty 50,True
2026-08-11,NSE_FO|41045|11-08-2026,NIFTY 25200 CE 11 AUG 26,25200.0,CE,65,5.0,NSE_INDEX|Nifty 50,True
2026-08-11,NSE_FO|41046|11-08-2026,NIFTY 25200 PE 11 AUG 26,25200.0,PE,65,5.0,NSE_INDEX|Nifty 50,True
2026-08-11,NSE_FO|41047|11-08-2026,NIFTY 25250 CE 11 AUG 26,25250.0,CE,65,5.0,NSE_INDEX|Nifty 50,True
2026-08-11,NSE_FO|41048|11-08-2026,NIFTY 25250 PE 11 AUG 26,25250.0,PE,65,5.0,NSE_INDEX|Nifty 50,True
2026-08-11,NSE_FO|41049|11-08-2026,NIFTY 25300 CE 11 AUG 26,25300.0,CE,65,5.0,NSE_INDEX|Nifty 50,True
2026-08-11,NSE_FO|41050|11-08-2026,NIFTY 25300 PE 11 AUG 26,25300.0,PE,65,5.0,NSE_INDEX|Nifty 50,True
2026-08-11,NSE_FO|41051|11-08-2026,NIFTY 25350 CE 11 AUG 26,25350.0,CE,65,5.0,NSE_INDEX|Nifty 50,True
2026-08-11,NSE_FO|41052|11-08-2026,NIFTY 25350 PE 11 AUG 26,25350.0,PE,65,5.0,NSE_INDEX|Nifty 50,True
2026-08-11,NSE_FO|41053|11-08-2026,NIFTY 25400 CE 11 AUG 26,25400.0,CE,65,5.0,NSE_INDEX|Nifty 50,True
2026-08-11,NSE_FO|41054|11-08-2026,NIFTY 25400 PE 11 AUG 26,25400.0,PE,65,5.0,NSE_INDEX|Nifty 50,True
2026-08-11,NSE_FO|41055|11-08-2026,NIFTY 25450 CE 11 AUG 26,25450.0,CE,65,5.0,NSE_INDEX|Nifty 50,True
2026-08-11,NSE_FO|41056|11-08-2026,NIFTY 25450 PE 11 AUG 26,25450.0,PE,65,5.0,NSE_INDEX|Nifty 50,True
2026-08-11,NSE_FO|41057|11-08-2026,NIFTY 25500 CE 11 AUG 26,25500.0,CE,65,5.0,NSE_INDEX|Nifty 50,True
2026-08-11,NSE_FO|41058|11-08-2026,NIFTY 25500 PE 11 AUG 26,25500.0,PE,65,5.0,NSE_INDEX|Nifty 50,True
2026-08-11,NSE_FO|41059|11-08-2026,NIFTY 25550 CE 11 AUG 26,25550.0,CE,65,5.0,NSE_INDEX|Nifty 50,True
2026-08-11,NSE_FO|41060|11-08-2026,NIFTY 25550 PE 11 AUG 26,25550.0,PE,65,5.0,NSE_INDEX|Nifty 50,True
2026-08-11,NSE_FO|41061|11-08-2026,NIFTY 25600 CE 11 AUG 26,25600.0,CE,65,5.0,NSE_INDEX|Nifty 50,True
2026-08-11,NSE_FO|41062|11-08-2026,NIFTY 25600 PE 11 AUG 26,25600.0,PE,65,5.0,NSE_INDEX|Nifty 50,True
2026-08-11,NSE_FO|41063|11-08-2026,NIFTY 25650 CE 11 AUG 26,25650.0,CE,65,5.0,NSE_INDEX|Nifty 50,True
2026-08-11,NSE_FO|41064|11-08-2026,NIFTY 25650 PE 11 AUG 26,25650.0,PE,65,5.0,NSE_INDEX|Nifty 50,True
2026-08-11,NSE_FO|41065|11-08-2026,NIFTY 25700 CE 11 AUG 26,25700.0,CE,65,5.0,NSE_INDEX|Nifty 50,True
2026-08-11,NSE_FO|41068|11-08-2026,NIFTY 25700 PE 11 AUG 26,25700.0,PE,65,5.0,NSE_INDEX|Nifty 50,True
2026-08-11,NSE_FO|41069|11-08-2026,NIFTY 25750 CE 11 AUG 26,25750.0,CE,65,5.0,NSE_INDEX|Nifty 50,True
2026-08-11,NSE_FO|41070|11-08-2026,NIFTY 25750 PE 11 AUG 26,25750.0,PE,65,5.0,NSE_INDEX|Nifty 50,True
2026-08-11,NSE_FO|41071|11-08-2026,NIFTY 25800 CE 11 AUG 26,25800.0,CE,65,5.0,NSE_INDEX|Nifty 50,True
2026-08-11,NSE_FO|41072|11-08-2026,NIFTY 25800 PE 11 AUG 26,25800.0,PE,65,5.0,NSE_INDEX|Nifty 50,True
2026-08-11,NSE_FO|41073|11-08-2026,NIFTY 25850 CE 11 AUG 26,25850.0,CE,65,5.0,NSE_INDEX|Nifty 50,True
2026-08-11,NSE_FO|41074|11-08-2026,NIFTY 25850 PE 11 AUG 26,25850.0,PE,65,5.0,NSE_INDEX|Nifty 50,True
2026-08-11,NSE_FO|41075|11-08-2026,NIFTY 25900 CE 11 AUG 26,25900.0,CE,65,5.0,NSE_INDEX|Nifty 50,True
2026-08-11,NSE_FO|41076|11-08-2026,NIFTY 25900 PE 11 AUG 26,25900.0,PE,65,5.0,NSE_INDEX|Nifty 50,True
2026-08-11,NSE_FO|41077|11-08-2026,NIFTY 25950 CE 11 AUG 26,25950.0,CE,65,5.0,NSE_INDEX|Nifty 50,True
2026-08-11,NSE_FO|41078|11-08-2026,NIFTY 25950 PE 11 AUG 26,25950.0,PE,65,5.0,NSE_INDEX|Nifty 50,True
2026-08-11,NSE_FO|41079|11-08-2026,NIFTY 26000 CE 11 AUG 26,26000.0,CE,65,5.0,NSE_INDEX|Nifty 50,True
2026-08-11,NSE_FO|41080|11-08-2026,NIFTY 26000 PE 11 AUG 26,26000.0,PE,65,5.0,NSE_INDEX|Nifty 50,True
2026-08-11,NSE_FO|41081|11-08-2026,NIFTY 26050 CE 11 AUG 26,26050.0,CE,65,5.0,NSE_INDEX|Nifty 50,True
2026-08-11,NSE_FO|41082|11-08-2026,NIFTY 26050 PE 11 AUG 26,26050.0,PE,65,5.0,NSE_INDEX|Nifty 50,True
2026-08-11,NSE_FO|41083|11-08-2026,NIFTY 26100 CE 11 AUG 26,26100.0,CE,65,5.0,NSE_INDEX|Nifty 50,True
2026-08-11,NSE_FO|41092|11-08-2026,NIFTY 26100 PE 11 AUG 26,26100.0,PE,65,5.0,NSE_INDEX|Nifty 50,True
2026-08-11,NSE_FO|41093|11-08-2026,NIFTY 26150 CE 11 AUG 26,26150.0,CE,65,5.0,NSE_INDEX|Nifty 50,True
2026-08-11,NSE_FO|41094|11-08-2026,NIFTY 26150 PE 11 AUG 26,26150.0,PE,65,5.0,NSE_INDEX|Nifty 50,True
2026-08-11,NSE_FO|41095|11-08-2026,NIFTY 26200 CE 11 AUG 26,26200.0,CE,65,5.0,NSE_INDEX|Nifty 50,True
2026-08-11,NSE_FO|41096|11-08-2026,NIFTY 26200 PE 11 AUG 26,26200.0,PE,65,5.0,NSE_INDEX|Nifty 50,True
2026-08-11,NSE_FO|41097|11-08-2026,NIFTY 26250 CE 11 AUG 26,26250.0,CE,65,5.0,NSE_INDEX|Nifty 50,True
2026-08-11,NSE_FO|41098|11-08-2026,NIFTY 26250 PE 11 AUG 26,26250.0,PE,65,5.0,NSE_INDEX|Nifty 50,True
2026-08-11,NSE_FO|41099|11-08-2026,NIFTY 26300 CE 11 AUG 26,26300.0,CE,65,5.0,NSE_INDEX|Nifty 50,True
2026-08-11,NSE_FO|41100|11-08-2026,NIFTY 26300 PE 11 AUG 26,26300.0,PE,65,5.0,NSE_INDEX|Nifty 50,True
2026-08-11,NSE_FO|41101|11-08-2026,NIFTY 26350 CE 11 AUG 26,26350.0,CE,65,5.0,NSE_INDEX|Nifty 50,True
2026-08-11,NSE_FO|41106|11-08-2026,NIFTY 26350 PE 11 AUG 26,26350.0,PE,65,5.0,NSE_INDEX|Nifty 50,True
2026-08-11,NSE_FO|41107|11-08-2026,NIFTY 26400 CE 11 AUG 26,26400.0,CE,65,5.0,NSE_INDEX|Nifty 50,True
2026-08-11,NSE_FO|41108|11-08-2026,NIFTY 26400 PE 11 AUG 26,26400.0,PE,65,5.0,NSE_INDEX|Nifty 50,True
2026-08-11,NSE_FO|41109|11-08-2026,NIFTY 26450 CE 11 AUG 26,26450.0,CE,65,5.0,NSE_INDEX|Nifty 50,True
2026-08-11,NSE_FO|41110|11-08-2026,NIFTY 26450 PE 11 AUG 26,26450.0,PE,65,5.0,NSE_INDEX|Nifty 50,True
2026-08-11,NSE_FO|41111|11-08-2026,NIFTY 26500 CE 11 AUG 26,26500.0,CE,65,5.0,NSE_INDEX|Nifty 50,True
2026-08-11,NSE_FO|41112|11-08-2026,NIFTY 26500 PE 11 AUG 26,26500.0,PE,65,5.0,NSE_INDEX|Nifty 50,True
2026-08-11,NSE_FO|41113|11-08-2026,NIFTY 26550 CE 11 AUG 26,26550.0,CE,65,5.0,NSE_INDEX|Nifty 50,True
2026-08-11,NSE_FO|41114|11-08-2026,NIFTY 26550 PE 11 AUG 26,26550.0,PE,65,5.0,NSE_INDEX|Nifty 50,True
2026-08-11,NSE_FO|41115|11-08-2026,NIFTY 26600 CE 11 AUG 26,26600.0,CE,65,5.0,NSE_INDEX|Nifty 50,True
2026-08-11,NSE_FO|41116|11-08-2026,NIFTY 26600 PE 11 AUG 26,26600.0,PE,65,5.0,NSE_INDEX|Nifty 50,True
2026-08-11,NSE_FO|41117|11-08-2026,NIFTY 26650 CE 11 AUG 26,26650.0,CE,65,5.0,NSE_INDEX|Nifty 50,True
2026-08-11,NSE_FO|41118|11-08-2026,NIFTY 26650 PE 11 AUG 26,26650.0,PE,65,5.0,NSE_INDEX|Nifty 50,True
2026-08-11,NSE_FO|41119|11-08-2026,NIFTY 26700 CE 11 AUG 26,26700.0,CE,65,5.0,NSE_INDEX|Nifty 50,True
2026-08-11,NSE_FO|41120|11-08-2026,NIFTY 26700 PE 11 AUG 26,26700.0,PE,65,5.0,NSE_INDEX|Nifty 50,True
2026-08-11,NSE_FO|41121|11-08-2026,NIFTY 26750 CE 11 AUG 26,26750.0,CE,65,5.0,NSE_INDEX|Nifty 50,True
2026-08-11,NSE_FO|41122|11-08-2026,NIFTY 26750 PE 11 AUG 26,26750.0,PE,65,5.0,NSE_INDEX|Nifty 50,True
2026-08-11,NSE_FO|41123|11-08-2026,NIFTY 26800 CE 11 AUG 26,26800.0,CE,65,5.0,NSE_INDEX|Nifty 50,True
2026-08-11,NSE_FO|41124|11-08-2026,NIFTY 26800 PE 11 AUG 26,26800.0,PE,65,5.0,NSE_INDEX|Nifty 50,True
2026-08-11,NSE_FO|41125|11-08-2026,NIFTY 26850 CE 11 AUG 26,26850.0,CE,65,5.0,NSE_INDEX|Nifty 50,True
2026-08-11,NSE_FO|41126|11-08-2026,NIFTY 26850 PE 11 AUG 26,26850.0,PE,65,5.0,NSE_INDEX|Nifty 50,True
2026-08-11,NSE_FO|41127|11-08-2026,NIFTY 26900 CE 11 AUG 26,26900.0,CE,65,5.0,NSE_INDEX|Nifty 50,True
2026-08-11,NSE_FO|41128|11-08-2026,NIFTY 26900 PE 11 AUG 26,26900.0,PE,65,5.0,NSE_INDEX|Nifty 50,True
2026-08-11,NSE_FO|41129|11-08-2026,NIFTY 26950 CE 11 AUG 26,26950.0,CE,65,5.0,NSE_INDEX|Nifty 50,True
2026-08-11,NSE_FO|41130|11-08-2026,NIFTY 26950 PE 11 AUG 26,26950.0,PE,65,5.0,NSE_INDEX|Nifty 50,True
2026-08-11,NSE_FO|41131|11-08-2026,NIFTY 27000 CE 11 AUG 26,27000.0,CE,65,5.0,NSE_INDEX|Nifty 50,True
2026-08-11,NSE_FO|41132|11-08-2026,NIFTY 27000 PE 11 AUG 26,27000.0,PE,65,5.0,NSE_INDEX|Nifty 50,True
2026-08-11,NSE_FO|41133|11-08-2026,NIFTY 27050 CE 11 AUG 26,27050.0,CE,65,5.0,NSE_INDEX|Nifty 50,True
2026-08-11,NSE_FO|41138|11-08-2026,NIFTY 27050 PE 11 AUG 26,27050.0,PE,65,5.0,NSE_INDEX|Nifty 50,True
2026-08-11,NSE_FO|41139|11-08-2026,NIFTY 27100 CE 11 AUG 26,27100.0,CE,65,5.0,NSE_INDEX|Nifty 50,True
2026-08-11,NSE_FO|41140|11-08-2026,NIFTY 27100 PE 11 AUG 26,27100.0,PE,65,5.0,NSE_INDEX|Nifty 50,True
2026-08-11,NSE_FO|41141|11-08-2026,NIFTY 27150 CE 11 AUG 26,27150.0,CE,65,5.0,NSE_INDEX|Nifty 50,True
2026-08-11,NSE_FO|41142|11-08-2026,NIFTY 27150 PE 11 AUG 26,27150.0,PE,65,5.0,NSE_INDEX|Nifty 50,True
2026-08-11,NSE_FO|41143|11-08-2026,NIFTY 27200 CE 11 AUG 26,27200.0,CE,65,5.0,NSE_INDEX|Nifty 50,True
2026-08-11,NSE_FO|41144|11-08-2026,NIFTY 27200 PE 11 AUG 26,27200.0,PE,65,5.0,NSE_INDEX|Nifty 50,True
